firm_id,ticker,firm_name,source_id,title,document_type,bias_tag,loaded_url,text_length,utility_score,shortlist_bucket,include_in_vda_shortlist,top_signal_ids,matched_metric_ids,aum_mentions,feaum_mentions,fre_mentions,fundraising_mentions,margin_mentions,carry_mentions,credit_mentions,insurance_mentions,wealth_mentions,perpetual_capital_mentions,top_snippet
FIRM-003,APO,"Apollo Global Management, Inc.",PS-VD-008,apo-20251231,annual_report,company-produced,https://ir.apollo.com/_assets/_9d229425011f8161e75a7d4ea62ed11d/apollo/sec/0001858681-26-000013/apo-20251231.htm,281605,252,core,True,"aum,fre,credit","MET-VD-005,MET-VD-004,MET-VD-006,MET-VD-007,MET-VD-008,MET-VD-013,MET-VD-014,MET-VD-009,MET-VD-017,MET-VD-011,MET-VD-012",83,27,6,27,0,91,86,174,12,19,"Assets Under Management, or AUM The assets of the funds, partnerships and accounts to which Apollo provides investment management, advisory, or certain other investment-related services, including, without limitation, capital that such funds, partnerships and accounts have the right to call from investors pursuant to capital commitments. Our AUM equals the sum of: 1. the NAV, plus used or available leverage and/or capital commitments, or gross assets plus capital commitments, of the credit and certain equity funds, partnerships and accounts for which we provide investment management or advisory services, other than certain CLOs, CDOs, and certain perpetual capital vehicles, which have a fee-generating basis other than the mark-to-market value of the underlying assets; for certain perpetual capital vehicles in credit, gross asset value plus available financing capacity; 2. the fair value of the investments of the equity and certain credit funds, partnerships and accounts Apollo manages or advises, plus the capital that such funds, partnerships and accounts are entitled to call from investors pursuant to capital commitments, plus portfolio level financings; 3. the gross asset value associated with the reinsurance investments of the portfolio company assets Apollo manages or advises; and 4. the fair value of any other assets that Apollo manages or advises for the funds, partnerships and accounts to which Apollo provides investment management, advisory, or certain other investment-related services, plus unused credit facilities, including capital commitments to such funds, partnerships and accounts for investments that may require pre-qualification or other conditions before investment plus any other capital commitments to such funds, partnerships and accounts available for investment that are not otherwise included in the clauses above. Apollo’s AUM measure includes Assets Under Management for which Apollo charges either nominal or zero fees. Apollo’s AUM measure also includes assets for which Apollo does not have investment discretion, including certain assets for which Apollo earns only investment-related service fees, rather than management or advisory fees. Apollo’s definition of AUM is not based on any definition of Assets Under Management contained in its governing documents or in any management agreements of the funds Apollo manages. Apollo considers multiple factors for determining what should be included in its definition of AUM. Such factors include but are not limited to (1) Apollo’s ability to influence the investment decisions for existing and available assets; (2) Apollo’s ability to generate income from the underlying assets in the funds it manages; and (3) the AUM measures that Apollo uses internally or believes are used by other investment managers. Given the differences in the investment strategies and structures among other alternative investment managers, Apollo’s calculation of AUM may differ from the calculations employed by other investment managers and, as a result, this measure may not be directly comparable to similar measures presented by other investment managers. Apollo’s calculation also differs from the manner in which its affiliates registered with the SEC report “Regulatory Assets Under Management” on Form ADV and Form PF in various ways. Apollo uses AUM, Gross capital deployment and Dry powder as performance measurements of its investment activities, as well as to monitor fund size in relation to professional resource and infrastructure needs."
FIRM-003,APO,"Apollo Global Management, Inc.",PS-VD-008,Apollo IR SEC Filings Page,annual_report,company-produced,https://ir.apollo.com/_assets/_9d229425011f8161e75a7d4ea62ed11d/apollo/sec/0001858681-26-000013/0001858681-26-000013.pdf,1237775,247,core,True,"aum,insurance,fre","MET-VD-005,MET-VD-004,MET-VD-006,MET-VD-007,MET-VD-008,MET-VD-013,MET-VD-014,MET-VD-009,MET-VD-015,MET-VD-021,MET-VD-022,MET-VD-017,MET-VD-011,MET-VD-012",109,32,32,51,25,223,596,1330,49,135,"Alternative investments Alternative investments, including investment funds and certain VIEs, adjusted for reinsurance impacts and to include Athene's proportionateshare of ACRA alternative investments based on its economic ownershipAMH Apollo Management Holdings, L.P., a Delaware limited partnership, that is an indirect subsidiary of AGMANRP I Apollo Natural Resources Partners, L.P., together with its alternative investment vehiclesANRP II Apollo Natural Resources Partners II, L.P., together with its alternative investment vehiclesANRP III Apollo Natural Resources Partners III, L.P., together with its parallel funds and alternative investment vehiclesAOCI Accumulated other comprehensive income (loss)AOG Units Units of the Apollo Operating GroupApollo DAF The donor-advised fund established by ApolloApollo funds, our funds and references to thefunds we manage The funds (including the parallel funds and alternative investment vehicles of such funds), partnerships, accounts, including strategicinvestment accounts or “SIAs,” alternative asset companies and other entities for which subsidiaries of Apollo provide investment managementor advisory services.Apollo Operating Group (i) The entities through which we currently operate our asset management business and (ii) one or more entities formed for the purpose of,among other activities, holding certain of our gains or losses on our principal investments in the funds, which we refer to as our “principalinvestments.”Apollo TRA The tax receivable agreement entered into by and among APO Corp., the Former Managing Partners, the Contributing Partners, and otherparties theretoARI Apollo Commercial Real Estate Finance, Inc.ARIS Apollo Realty Income Solutions, Inc.Assets Under Management, or AUM The assets of the funds, partnerships and accounts to which Apollo provides investment management, advisory, or certain other investment-related services, including, without limitation, capital that such funds, partnerships and accounts have the right to call from investors pursuantto capital commitments. Our AUM equals the sum of:1. the NAV, plus used or available leverage and/or capital commitments, or gross assets plus capital commitments, of the credit and certainequity funds, partnerships and accounts for which we provide investment management or advisory services, other than certain CLOs, CDOs,and certain perpetual capital vehicles, which have a fee-generating basis other than the mark-to-market value of the underlying assets; forcertain perpetual capital vehicles in credit, gross asset value plus available financing capacity;2. the fair value of the investments of the equity and certain credit funds, partnerships and accounts Apollo manages or advises, plus the capitalthat such funds, partnerships and accounts are entitled to call from investors pursuant to capital commitments, plus portfolio level financings;3. the gross asset value associated with the reinsurance investments of the portfolio company assets Apollo manages or advises; and4. the fair value of any other assets that Apollo manages or advises for the funds, partnerships and accounts to which Apollo providesinvestment management, advisory, or certain other investment-related services, plus unused credit facilities, including capital commitments tosuch funds, partnerships and accounts for investments that may require pre-qualification or other conditions before investment plus any othercapital commitments to such funds, partnerships and accounts available for investment that are not otherwise included in the clauses above.Apollo’s AUM measure includes Assets Under Management for which Apollo charges either nominal or zero fees. Apollo’s AUM measure alsoincludes assets for which Apollo does not have investment discretion, including certain assets for which Apollo earns only investment-relatedservice fees, rather than management or advisory fees. Apollo’s definition of AUM is not based on any definition of Assets Under Managementcontained in its governing documents or in any management agreements of the funds Apollo manages. Apollo considers multiple factors fordetermining what should be included in its definition of AUM. Such factors include but are not limited to (1) Apollo’s ability to influence theinvestment decisions for existing and available assets; (2) Apollo’s ability to generate income from the underlying assets in the funds itmanages; and (3) the AUM measures that Apollo uses internally or believes are used by other investment managers. Given the differences inthe investment strategies and structures among other alternative investment managers, Apollo’s calculation of AUM may differ from thecalculations employed by other investment managers and, as a result, this measure may not be directly comparable to similar measurespresented by other investment managers. Apollo’s calculation also differs from the manner in which its affiliates registered with the SEC report“Regulatory Assets Under Management” on Form ADV and Form PF in various ways.Apollo uses AUM, Gross capital deployment and Dry powder as performance measurements of its investment activities, as well as to monitorfund size in relation to professional resource and infrastructure needs.Athene Athene Holding Ltd. (“Athene Holding” or “AHL”, together with its subsidiaries, “Athene”), a leading financial services company specializingin retirement services that issues, reinsures and acquires retirement savings products designed for the increasing number of individuals andinstitutions seeking to fund retirement needs, and to which Apollo, through its consolidated subsidiary ISG, provides asset management andadvisory services."
FIRM-003,APO,"Apollo Global Management, Inc.",PS-VD-009,Apollo Investor Presentation — February 2026,investor_presentation,company-produced,https://ir.apollo.com/_assets/_1330c9952814458ddb36d7b8cbfb7499/apollo/db/2224/22861/pdf/Apollo+Investor+Presentation+%E2%80%93+February+2026.pdf,75091,152,core,True,"insurance,aum,fre","MET-VD-005,MET-VD-004,MET-VD-006,MET-VD-007,MET-VD-008,MET-VD-013,MET-VD-014,MET-VD-009,MET-VD-015,MET-VD-021,MET-VD-022,MET-VD-017,MET-VD-011,MET-VD-012",38,3,21,15,2,19,29,55,19,6,"presentation for the definition of Assets Under Management. 1. Market Capitalization as of December 31, 2025. 2. Represents the aggregate capital of Athene's US and Bermuda insurance entities, determined with respect to each insurance entity by applying the"
FIRM-003,APO,"Apollo Global Management, Inc.",PS-VD-011,Apollo Presentations and Events Page,investor_presentation,company-produced,https://ir.apollo.com/_assets/_9d229425011f8161e75a7d4ea62ed11d/apollo/db/2224/22861/pdf/Apollo+Investor+Presentation+%E2%80%93+February+2026.pdf,75091,152,core,True,"insurance,aum,fre","MET-VD-005,MET-VD-004,MET-VD-006,MET-VD-007,MET-VD-008,MET-VD-013,MET-VD-014,MET-VD-009,MET-VD-015,MET-VD-021,MET-VD-022,MET-VD-017,MET-VD-011,MET-VD-012",38,3,21,15,2,19,29,55,19,6,"presentation for the definition of Assets Under Management. 1. Market Capitalization as of December 31, 2025. 2. Represents the aggregate capital of Athene's US and Bermuda insurance entities, determined with respect to each insurance entity by applying the"
FIRM-003,APO,"Apollo Global Management, Inc.",PS-VD-010,Apollo Financial Results Page,earnings_supplement,company-produced,https://ir.apollo.com/_assets/_9d229425011f8161e75a7d4ea62ed11d/apollo/db/2247/21796/webcast_transcript/CORRECTED+TRANSCRIPT_+Apollo+Global+Management%2C+Inc.%28APO-US%29%2C+Q3+2025+Earnings+Call%2C+4-November-2025+8_30+AM+ET.pdf,92166,130,core,True,"fundraising,credit,deployment","MET-VD-005,MET-VD-013,MET-VD-014,MET-VD-008,MET-VD-009,MET-VD-015,MET-VD-021,MET-VD-022,MET-VD-017,MET-VD-011,MET-VD-012",2,0,12,18,7,1,56,48,22,5,"The inflows are literally off the charts. Through Q3 – first, Q3, $23 billion, year-to-date $69 billion were pacing"
FIRM-003,APO,"Apollo Global Management, Inc.",PS-VD-011,Apollo Presentations and Events Page,investor_presentation,company-produced,https://ir.apollo.com/_assets/_9d229425011f8161e75a7d4ea62ed11d/apollo/db/2224/22852/pdf/Private+Credit+-+Fact+vs.+Fiction.pdf,85715,129,core,True,"aum,insurance,credit","MET-VD-005,MET-VD-008,MET-VD-009,MET-VD-017,MET-VD-011,MET-VD-012",11,0,0,1,0,2,215,133,6,3,"• “Assets Under Management ” or “AUM.” For the definition of Assets Under Management, refer to page 5 of Apollo’s quarterly report on Form 10-Q for the quarterly period ended September 30, 2025, filed with the SEC on November 10, 2025 (the “Apollo 10-Q”)."
FIRM-003,APO,"Apollo Global Management, Inc.",PS-VD-010,Apollo Financial Results Page,earnings_supplement,company-produced,https://ir.apollo.com/_assets/_9d229425011f8161e75a7d4ea62ed11d/apollo/db/2247/22854/webcast_transcript/CORRECTED+TRANSCRIPT_+Apollo+Global+Management%2C+Inc.%28APO-US%29%2C+Q4+2025+Earnings+Call%2C+9-February-2026+8_30+AM+ET.pdf,94002,124,discard,False,"wealth,insurance,aum","MET-VD-005,MET-VD-013,MET-VD-014,MET-VD-008,MET-VD-009,MET-VD-015,MET-VD-021,MET-VD-022,MET-VD-017,MET-VD-011,MET-VD-012",4,0,13,28,7,8,35,39,16,1,"Our global wealth business had an excellent year with fundraising totaling $18 billion, up nearly 50% year-over-"
FIRM-003,APO,"Apollo Global Management, Inc.",PS-VD-011,"Presentations :: Apollo Global Management, Inc. (APO)",investor_presentation,company-produced,https://ir.apollo.com/news-events/presentations,672,43,discard,False,"credit,insurance",MET-VD-012,0,0,0,0,0,0,2,1,0,0,"Dec. 11, 2025 Private Credit: Fact vs. Fiction"
FIRM-003,APO,"Apollo Global Management, Inc.",PS-VD-008,"SEC Filings :: Apollo Global Management, Inc. (APO)",annual_report,company-produced,https://ir.apollo.com/sec-filings,704,6,discard,False,,,0,0,0,0,0,0,0,0,0,0,"02/25/26 10-K Form 10-K: Annual report [Section 13 and 15(d), not S-K Item 405] 357"
FIRM-003,APO,"Apollo Global Management, Inc.",PS-VD-010,"Financial Results :: Apollo Global Management, Inc. (APO)",earnings_supplement,company-produced,https://ir.apollo.com/financial-results,420,5,discard,False,,,0,0,0,0,0,0,0,0,0,0,Earnings Release PDF Earnings Webcast Audio Earnings Transcript Transcript Financial Supplement XLS 10-K Filing PDF
FIRM-005,ARES,Ares Management Corporation,PS-VD-012,ares-20231231,annual_report,regulatory-filing,https://www.sec.gov/Archives/edgar/data/1176948/000162828024007014/ares-20231231.htm,185054,202,core,True,"credit,carry","MET-VD-005,MET-VD-013,MET-VD-014,MET-VD-017,MET-VD-011,MET-VD-012",5,0,17,0,0,109,157,2,8,6,"Credit funds $ 498.7 Primarily from six direct lending funds and one alternative credit fund with $28.2 billion of IGAUM generating returns in excess of their hurdle rates. Ares Capital Europe V, L.P. (“ACE V”), Ares Private Credit Solutions II, L.P. (“PCS II”) , Ares Sports Media and Entertainment Finance, L.P. and our sixth European direct lending fund generated carried interest allocation of $181.1 million, $37.6 million, $22.0 million and $16.6 million, respectively, driven by net investment income on an increasing invested capital base. Pathfinder I generated carried interest allocation of $66.3 million driven by market appreciation of certain investments and net investment income during the period. Ares Capital Europe IV, L.P. (“ACE IV”) and Ares Private Credit Solutions, L.P. (“PCS I”) generated carried interest allocation of $58.4 million and $45.3 million, respectively, primarily driven by net investment income during the period. Our credit funds have benefited from rising interest rates on predominately floating-rate loans. $ 200.0 Primarily from four direct lending funds and one alternative credit fund with $22.4 billion of IGAUM generating returns in excess of their hurdle rates. ACE V generated carried interest allocation of $80.9 million driven by net investment income on an increasing invested capital base. ACE IV, Pathfinder I, Ares Capital Europe III, L.P. (“ACE III”) and PCS I generated carried interest allocation of $60.0 million, $25.7 million, $18.7 million and $6.5 million, respectively, primarily driven by net investment income during the period."
FIRM-005,ARES,Ares Management Corporation,PS-VD-012,ares-20241231,annual_report,regulatory-filing,https://www.sec.gov/Archives/edgar/data/1176948/000162828025008665/ares-20241231.htm,200925,189,core,True,"credit,carry","MET-VD-005,MET-VD-013,MET-VD-014,MET-VD-008,MET-VD-009,MET-VD-017,MET-VD-011,MET-VD-012",5,0,16,2,0,135,224,2,16,7,"• Primarily from six direct lending funds, three opportunistic credit funds and one alternative credit fund with $37.4 billion of IGAUM generating returns in excess of their hurdle rates: ◦ Within our direct lending funds, ACE V, PCS II, Ares Sports Media and Entertainment Finance, L.P. and ACE VI generated carried interest allocation of $181.1 million, $37.6 million, $22.0 million and $16.6 million, respectively, driven by net investment income on an increasing invested capital base. ACE IV and PCS I generated carried interest allocation of $58.4 million and $45.3 million, respectively, primarily driven by net investment income during the period. Our direct lending funds have benefited from rising interest rates on predominately floating-rate loans ◦ Within our opportunistic credit funds, ASOF I and SSF IV generated carried interest allocation of $82.7 million and $79.8 million, respectively, predominately driven by market appreciation and improved operating performance of portfolio companies that operate in the services industry. ASOF II generated carried interest allocation of $80.9 million, driven by improved operating performance of portfolio companies that operate in the healthcare industry ◦ Within our alternative credit funds, Pathfinder I generated carried interest allocation of $66.3 million, driven by market appreciation of certain investments and net investment income during the period"
FIRM-005,ARES,Ares Management Corporation,PS-VD-014,Ares Management IR SEC Filings Page,annual_report,company-produced,https://ir.aresmgmt.com/sec-filings,10214,149,discard,False,"credit,fundraising","MET-VD-008,MET-VD-009,MET-VD-017,MET-VD-012",0,0,0,2,0,22,44,0,4,0,"• Primarily from one opportunistic credit fund, four direct lending funds and two alternative credit funds with $42.6 billion of IGAUM generating returns in excess of their hurdle rates: ◦ Within our opportunistic credit funds, Ares Special Opportunities Fund II, L.P. (“ASOF II”) generated carried interest allocation of $174.7 million, driven by improved profitability of portfolio companies that operate in the services, healthcare and industrial industries ◦ Within our direct lending funds, Ares Capital Europe V, L.P. (“ACE V”), Ares Capital Europe VI, L.P. (“ACE VI”), Ares Private Credit Solutions II, L.P. (“PCS II”) and Ares Capital Europe IV, L.P. (“ACE IV”) generated carried interest allocation of $130.7 million, $119.2 million, $89.7 million and $36.5 million, respectively, driven by net investment income during the period ◦ Within our alternative credit funds, Ares Pathfinder Fund II, L.P. (“Pathfinder II”) and Ares Pathfinder Fund, L.P. (“Pathfinder I”) generated carried interest allocation of $88.1 million and $63.0 million, respectively, driven by market appreciation of certain investments and net investment income during the period"
FIRM-005,ARES,Ares Management Corporation,PS-VD-012,Ares Management 10-K FY2024 (SEC Filing),annual_report,regulatory-filing,https://www.sec.gov/Archives/edgar/data/1176948/000104746914004247/a2219854zex-10_10.htm,330054,42,discard,False,,"MET-VD-005,MET-VD-013,MET-VD-015,MET-VD-021,MET-VD-022,MET-VD-017,MET-VD-012",6,0,0,0,23,26,286,12,0,0,
FIRM-005,ARES,Ares Management Corporation,PS-VD-013,Ares signals record $622B AUM and 20% dividend hike as fundraising momentum accelerates into 2026 (NYSE:ARES) | Seeking Alpha,earnings_transcript,third-party-analyst,https://seekingalpha.com/news/4548211-ares-signals-record-622b-aum-and-20-percent-dividend-hike-as-fundraising-momentum-accelerates,327,32,core,True,aum,"MET-VD-005,MET-VD-008,MET-VD-009",1,0,0,1,0,0,0,0,0,0,"Michael Arougheti, CEO, highlighted that ""our strong fourth quarter cemented another record year for Ares"" as the company surpassed $600 billion in AUM, reaching $622 billion, and achieved $113 billion in total fundraising for the year, including a record $36"
FIRM-005,ARES,Ares Management Corporation,PS-VD-013,Ares Management Corporation (ARES) Q4 2025 Earnings Call Transcript | Seeking Alpha,earnings_transcript,third-party-analyst,https://seekingalpha.com/article/4866631-ares-management-corporation-ares-q4-2025-earnings-call-transcript,2031,19,core,True,credit,MET-VD-012,0,0,0,0,0,0,1,0,0,0,"Greg Mason - Partner & Co-Head of Public Markets Investor Relations Michael Arougheti - Co-Founder, CEO & Director Jarrod Phillips - Partner & CFO Mitchell Goldstein - Partner & Co-Head of Credit Group"
FIRM-005,ARES,Ares Management Corporation,PS-VD-013,"Ares Management Corporation (ARES) Stock Price, Quote, News & Analysis | Seeking Alpha",earnings_transcript,third-party-analyst,https://seekingalpha.com/symbol/ARES,1694,0,discard,False,,"MET-VD-005,MET-VD-008,MET-VD-009,MET-VD-012",2,0,0,2,0,0,4,0,0,0,
FIRM-005,ARES,Ares Management Corporation,PS-VD-070,Ares Management Q4 2025 Earnings Supplement,earnings_supplement,company-produced,https://ir.aresmgmt.com/,0,0,discard,False,,,0,0,0,0,0,0,0,0,0,0,
,,Ashmore Group,PS-VD-046,Ashmore Group Annual Report FY2025,annual_report,company-produced,https://ir.ashmoregroup.com/sites/ir/files/2025-09/Ashmore-FY2025-ARA-website.pdf,875520,131,core,True,"aum,fre","MET-VD-005,MET-VD-013,MET-VD-014,MET-VD-008,MET-VD-009,MET-VD-015,MET-VD-021,MET-VD-022,MET-VD-017,MET-VD-012",231,0,6,19,50,65,114,22,38,0,"AuM (FY2024: US$15.7 billion, 28% of opening AuM)"
,,Ashmore Group,PS-VD-049,Ashmore Group Investor Presentation — March 2025,investor_presentation,company-produced,https://ir.ashmoregroup.com/sites/ir/files/2025-03/Ashmore%20investor%20presentation%20-%20Mar%202025.pdf,29534,92,core,True,"aum,margin","MET-VD-005,MET-VD-013,MET-VD-015,MET-VD-021,MET-VD-022,MET-VD-017,MET-VD-012",34,0,0,0,10,3,1,0,6,0,"• AuM growth of +2% in H1 2025 to US$7.6 billion, now 16% of"
,,Ashmore Group,PS-VD-047,Ashmore Group Investor Presentation — October 2025,investor_presentation,company-produced,https://ir.ashmoregroup.com/sites/ir/files/2025-10/Ashmore_investor_presentation_Oct2025.pdf,29596,89,core,True,"aum,margin","MET-VD-005,MET-VD-008,MET-VD-009,MET-VD-013,MET-VD-015,MET-VD-021,MET-VD-022,MET-VD-017",34,0,0,2,10,3,0,0,6,0,− 74% of Group AuM at 30 June 2025 is in such funds with a one year track record; 70% with three years; and 59% with five years
,,Ashmore Group,PS-VD-048,2026 Emerging Markets Outlook | Ashmore Group,investor_presentation,company-produced,https://www.ashmoregroup.com/en-us/insights/2026-emerging-markets-outlook,80554,88,core,True,"credit,fundraising,margin","MET-VD-008,MET-VD-009,MET-VD-013,MET-VD-015,MET-VD-021,MET-VD-022,MET-VD-017,MET-VD-012",0,0,0,5,5,1,14,0,4,0,"A common question from asset allocators is how tight EM credit spreads are in historical terms. It is hard to deny; credit spreads are tight. However, they are justified by the improved fundamentals described in sections 7.a to 7.c, as well as the much better technicals. The technical picture doesn’t require any images. In 2025, EM sovereign debt net issuance amounted to USD 168bn after USD 106bn in 2024, as gross issuance increased from USD177bn to USD253bn. In total, the universe of outstanding USD and EUR bonds in EM sovereign and corporates adds up to slightly less than USD 3bn. This is nearly one-tenth of outstanding US Treasury bonds. Another thing to consider is that part of the spread tightness comes from new ‘risk-premium’ in the Treasury curve which wasn’t there before. This is observable in the difference between US Treasury yields and overnight index swap (OIS) yields on Fig. 17, which are a purer reflection of interest rate expectations."
,,Ashmore Group,PS-VD-048,Gartner Predicts Power Shortages Will Restrict 40% of AI Data Centers By 2027,investor_presentation,company-produced,https://www.gartner.com/en/newsroom/press-releases/2024-11-12-gartner-predicts-power-shortages-will-restrict-40-percent-of-ai-data-centers-by-20270,6065,5,discard,False,,,0,0,0,0,0,0,0,0,0,0,"AI and generative AI (GenAI) are driving rapid increases in electricity consumption, with data center forecasts over the next two years reaching as high as 160% growth, according to Gartner, Inc. As a result, Gartner predicts 40% of existing AI data centers will be operationally constrained by power availability by 2027."
FIRM-001,BX,Blackstone Inc.,PS-VD-002,Blackstone IR SEC Filings Page,annual_report,company-produced,https://d18rn0p25nwr6d.cloudfront.net/CIK-0001393818/425ec9af-6b5b-4e7d-ac13-79cc5216902f.html,2138291,468,core,True,"realizations,credit","MET-VD-005,MET-VD-013,MET-VD-014,MET-VD-015,MET-VD-021,MET-VD-022,MET-VD-017,MET-VD-012",13,0,67,0,27,260,699,69,6,0,"Segment Reporting 19. Segment Reporting Blackstone conducts its alternative asset management businesses through four segments: • Real Estate – Blackstone’s Real Estate segment primarily comprises its management of opportunistic real estate funds, Core+ real estate funds, and real estate debt strategies. • Private Equity – Blackstone’s Private Equity segment includes its management of flagship Corporate Private Equity funds, sector and geographically-focused Corporate Private Equity funds, core private equity funds, an opportunistic investment platform, a secondary funds business and GP Stakes, infrastructure-focused funds, a life sciences investment platform, a growth equity investment platform, investment platforms offering eligible individual investors access to Blackstone’s private equity and infrastructure capabilities, a multi-asset investment program for eligible high net worth investors and a capital markets services business. • Credit & Insurance – Blackstone’s Credit & Insurance segment consists principally of Blackstone Credit & Insurance, which is organized into three overarching strategies: private corporate credit, liquid corporate credit and infrastructure and asset based credit. In addition, the segment includes an insurer-focused platform. • Multi-Asset Investing – Blackstone’s Multi-Asset Investing segment is organized into four investment platforms: Absolute Return, Multi-Strategy, Total Portfolio Management, and Public Real Assets. These business segments are differentiated by their various investment strategies. E ac h of the segments primarily earns its income from management fees and investment returns on assets under management. Blackstone’s chief operating decision makers are its Chief Executive Officer and Co-Founder and its President and Chief Operating Officer. Segment Distributable Earnings is Blackstone’s segment profitability measure used to make operating decisions and assess performance across Blackstone’s four segments. Segment Distributable Earnings represents the net realized earnings of Blackstone’s segments and is the sum of Fee Related Earnings and Net Realizations for each segment. Blackstone’s segments are presented on a basis that deconsolidates Blackstone Funds, eliminates non-controlling ownership interests in Blackstone’s consolidated operating partnerships, removes the amortization of intangible assets and removes Transaction-Related and Non-Recurring Items. Transaction-Related and Non-Recurring Items arise from corporate actions including acquisitions, divestitures, Blackstone’s initial public offering and non-recurring gains, losses, or other charges, if any. They consist primarily of equity-based compensation charges, gains and losses on contingent consideration arrangements, changes in the balance of the tax receivable agreement resulting from a change in tax law or similar event, transaction costs, gains or losses associated with these corporate actions and non-recurring gains, losses or other charges that affect period-to-period comparability and are not reflective of Blackstone’s operational performance. For segment reporting purposes, Segment Distributable Earnings is presented along with its major components, Fee Related Earnings and Net Realizations. Fee Related Earnings is used to assess Blackstone’s ability to generate profits from revenues that are measured and received on a recurring basis and not subject to future realization events. Net Realizations is the sum of Realized Principal Investment Income and Realized Performance Revenues less Realized Performance Compensation. Performance Allocations and Incentive Fees are presented together and referred to collectively as Performance Revenues or Performance Compensation. Geographic Information Blackstone conducts its business primarily in the United States with domestically generated revenues making up 68%, 68% and 70% of total GAAP revenues for the years ended December 31, 2025, 2024 and 2023, respectively. The table below presents the percentage of total GAAP revenues generated by Blackstone by geographic region. Revenues attributed to a geographic region are generally based on the geography of investments held by Blackstone and Blackstone Funds. The geography of an investment is generally the country of domicile for an asset or where a portfolio company is headquartered. Year Ended December 31, 2025 2024 2023 Americas 80 % 76 % 78 % Europe, Middle East and Africa 13 % 16 % 15 % Asia-Pacific 7 % 8 % 7 % 100 % 100 % 100 % Blackstone’s long-lived assets are comprised of Right-of-Use Assets and Furniture, Equipment and Leasehold Improvements, Net. As of December 31, 2025 and 2024, Blackstone held long-lived assets in the United States of $ 1.0 billion and $ 1.1 billion, respectively. No individual foreign country constituted more than 10 % of Blackstone’s total long-lived assets as of December 31, 2025 and 2024. Major Customer Information For the years ended December 31, 2025, 2024 and 2023, Blackstone Private Credit Fund (“BCRED”) accounted for an aggregate of $ 1.2 billion, $ 980.6 million and $ 762.6 million of Management and Advisory Fees, Net and Incentive Fees, respectively. For the year ended December 31, 2023, BREIT accounted for $ 839.9 million of Blackstone’s Management and Advisory Fees, Net. BCRED and BREIT are vehicles in Blackstone’s Credit & Insurance segment and Real Estate segment, respectively. Generally, for purposes of major customer analysis, Blackstone identifies the customer as the investors in its managed investment vehicles. For certain widely held vehicles like BCRED and BREIT, however, the investment vehicle is determined to be the customer. Blackstone evaluates the major customer disclosure in the context of its revenue streams as determined under the GAAP guidance for contracts with customers which includes Management and Advisory Fees, Net and Incentive Fees. Segment Presentation The following tables present the financial data for Blackstone’s four segments as of December 31, 2025 and 2024, and for the years ended December 31, 2025, 2024 and 2023. December 31, 2025 and the Year Then Ended Real Estate Private Equity Credit & Insurance Multi-Asset Investing Total Segments Management and Advisory Fees, Net Base Management Fees $ 2,653,294 $ 2,457,981 $ 1,909,147 $ 528,435 $ 7,548,857 Transaction, Advisory and Other Fees, Net 141,696 362,531 74,115 4,489 582,831 Management Fee Offsets (13,066 ) (48,903 ) (53,670 ) — (115,639 ) Total Management and Advisory Fees, Net 2,781,924 2,771,609 1,929,592 532,924 8,016,049 Fee Related Performance Revenues 489,648 547,985 787,795 — 1,825,428 Fee Related Compensation (690,292 ) (961,448 ) (869,636 ) (169,325 ) (2,690,701 ) Other Operating Expenses (370,001 ) (482,312 ) (450,401 ) (110,525 ) (1,413,239 ) Fee Related Earnings 2,211,279 1,875,834 1,397,350 253,074 5,737,537 Realized Performance Revenues 268,773 1,670,108 386,729 489,919 2,815,529 Realized Performance Compensation (130,361 ) (704,938 ) (161,493 ) (93,803 ) (1,090,595 ) Realized Principal Investment Income 10,689 66,495 335,870 6,689 419,743 Total Net Realizations 149,101 1,031,665 561,106 402,805 2,144,677 Total Segment Distributable Earnings $ 2,360,380 $ 2,907,499 $ 1,958,456 $ 655,879 $ 7,882,214 Segment Assets $ 12,808,547 $ 19,747,965 $ 8,077,869 $ 2,352,308 $ 42,986,689 December 31, 2024 and the Year Then Ended Real Estate Private Equity Credit & Insurance Multi-Asset Investing Total Segments Management and Advisory Fees, Net Base Management Fees $ 2,716,983 $ 2,027,855 $ 1,561,649 $ 474,395 $ 6,780,882 Transaction, Advisory and Other Fees, Net 175,010 176,469 44,354 3,855 399,688 Management Fee Offsets (16,716 ) (6,044 ) (24,196 ) (80 ) (47,036 ) Total Management and Advisory Fees, Net 2,875,277 2,198,280 1,581,807 478,170 7,133,534 Fee Related Performance Revenues 203,425 1,185,428 747,092 — 2,135,945 Fee Related Compensation (674,965 ) (1,164,237 ) (755,620 ) (144,500 ) (2,739,322 ) Other Operating Expenses (380,321 ) (391,309 ) (371,354 ) (105,108 ) (1,248,092 ) Fee Related Earnings 2,023,416 1,828,162 1,201,925 228,562 5,282,065 Realized Performance Revenues 200,974 1,392,447 313,092 380,518 2,287,031 Realized Performance Compensation (101,011 ) (633,491 ) (129,814 ) (86,930 ) (951,246 ) Realized Principal Investment Income (Loss) 14,522 52,356 39,855 (14,207 ) 92,526 Total Net Realizations 114,485 811,312 223,133 279,381 1,428,311 Total Segment Distributable Earnings $ 2,137,901 $ 2,639,474 $ 1,425,058 $ 507,943 $ 6,710,376 Segment Assets $ 11,573,910 $ 18,027,030 $ 8,668,716 $ 1,958,735 $ 40,228,391 Year Ended December 31, 2023 Real Estate Private Equity Credit & Insurance Multi-Asset Investing Total Segments Management and Advisory Fees, Net Base Management Fees $ 2,794,232 $ 1,903,972 $ 1,297,406 $ 470,237 $ 6,465,847 Transaction, Advisory and Other Fees, Net 78,483 108,848 44,542 4,019 235,892 Management Fee Offsets (29,357 ) (5,228 ) (3,907 ) (3 ) (38,495 ) Total Management and Advisory Fees, Net 2,843,358 2,007,592 1,338,041 474,253 6,663,244 Fee Related Performance Revenues 294,240 — 564,287 — 858,527 Fee Related Compensation (675,880 ) (619,678 ) (628,064 ) (164,488 ) (2,088,110 ) Other Operating Expenses (325,050 ) (329,221 ) (323,773 ) (106,289 ) (1,084,333 ) Fee Related Earnings 2,136,668 1,058,693 950,491 203,476 4,349,328 Realized Performance Revenues 244,358 1,343,865 317,620 155,259 2,061,102 Realized Performance Compensation (123,299 ) (584,154 ) (140,210 ) (48,354 ) (896,017 ) Realized Principal Investment Income 7,628 76,220 21,752 5,332 110,932 Total Net Realizations 128,687 835,931 199,162 112,237 1,276,017 Total Segment Distributable Earnings $ 2,265,355 $ 1,894,624 $ 1,149,653 $ 315,713 $ 5,625,345 Reconciliations of Total Segment Amounts The following tables reconcile the Total Segment Revenues, Expenses and Distributable Earnings to their equivalent GAAP measure for the years ended December 31, 2025, 2024 and 2023 along with Total Assets as of December 31, 2025 and 2024: Year Ended December 31, 2025 2024 2023 Revenues Total GAAP Revenues $ 14,450,265 $ 13,229,968 $ 8,022,841 Less: Unrealized Performance Revenues (a) (642,957 ) (371,407 ) 1,691,788 Less: Unrealized Principal Investment (Income) Loss (b) (171,440 ) (271,868 ) 593,301 Less: Interest and Dividend Revenue (c) (416,094 ) (410,980 ) (535,641 ) Less: Other Revenue (d) 271,190 (123,166 ) 93,083 Impact of Consolidation (e) (398,131 ) (444,828 ) (200,237 ) Transaction-Related and Non-Recurring Items (f) (17,214 ) 39,272 25,672 Intersegment Eliminations 1,130 2,045 2,998 Total Segment Revenue (g) $ 13,076,749 $ 11,649,036 $ 9,693,805 Year Ended December 31, 2025 2024 2023 Expenses Total GAAP Expenses $ 7,702,607 $ 6,819,326 $ 4,981,130 Less: Unrealized Performance Allocations Compensation (h) (376,962 ) (140,021 ) 654,403 Less: Equity-Based Compensation (i) (1,443,246 ) (1,159,122 ) (959,474 ) Less: Interest Expense (j) (497,095 ) (444,417 ) (429,521 ) Impact of Consolidation (e) (116,051 ) (81,129 ) (137,603 ) Amortization of Intangibles (k) (29,326 ) (29,332 ) (33,457 ) Transaction-Related and Non-Recurring Items (f) (30,185 ) (17,100 ) (309 ) Administrative Fee Adjustment (l) (16,337 ) (11,590 ) (9,707 ) Intersegment Eliminations 1,130 2,045 2,998 Total Segment Expenses (m) $ 5,194,535 $ 4,938,660 $ 4,068,460 Year Ended December 31, 2025 2024 2023 Other Income Total GAAP Other Income (Loss) $ 423,988 $ 48,838 $ (83,997 ) Impact of Consolidation (e) (423,988 ) (48,838 ) 83,997 Total Segment Other Income $ — $ — $ — Year Ended December 31, 2025 2024 2023 Income Before Provision for Taxes Total GAAP Income Before Provision for Taxes $ 7,171,646 $ 6,459,480 $ 2,957,714 Less: Unrealized Performance Revenues (a) (642,957 ) (371,407 ) 1,691,788 Less: Unrealized Principal Investment (Income) Loss (b) (171,440 ) (271,868 ) 593,301 Less: Interest and Dividend Revenue (c) (416,094 ) (410,980 ) (535,641 ) Less: Other Revenue (d) 271,190 (123,166 ) 93,083 Plus: Unrealized Performance Allocations Compensation (h) 376,962 140,021 (654,403 ) Plus: Equity-Based Compensation (i) 1,443,246 1,159,122 959,474 Plus: Interest Expense (j) 497,095 444,417 429,521 Impact of Consolidation (e) (706,068 ) (412,537 ) 21,363 Amortization of Intangibles (k) 29,326 29,332 33,457 Transaction-Related and Non-Recurring Items (f) 12,971 56,372 25,981 Administrative Fee Adjustment (l) 16,337 11,590 9,707 Total Segment Distributable Earnings $ 7,882,214 $ 6,710,376 $ 5,625,345 As of December 31, 2025 2024 Total Assets Total GAAP Assets $ 47,708,975 $ 43,469,875 Impact of Consolidation (e) (4,722,286 ) (3,241,484 ) Total Segment Assets $ 42,986,689 $ 40,228,391 Segment basis presents revenues and expenses on a basis that deconsolidates the investment funds Blackstone manages and excludes the amortization of intangibles and Transaction-Related and Non-Recurring Items. (a) This adjustment removes Unrealized Performance Revenues on a segment basis. (b) This adjustment removes Unrealized Principal Investment (Income) Loss on a segment basis. (c) This adjustment removes Interest and Dividend Revenue on a segment basis. (d) This adjustment removes Other Revenue on a segment basis. For the years ended December 31, 2025, 2024 and 2023, Other Revenue on a GAAP basis was $ (270.9) million, $ 123.7 million and $ (92.9) million and included $ (271.2) million, $ 122.3 million and $ (94.7) million of foreign exchange gains (losses), respectively. (e) This adjustment reverses the effect of consolidating Blackstone Funds, which are excluded from Blackstone’s segment presentation. This adjustment includes the elimination of Blackstone’s interest in these funds, the removal of amounts attributable to the reimbursement of certain expenses by the Blackstone Funds and certain NAV-based fee arrangements, which are presented on a gross basis under GAAP but as a reduction of Management and Advisory Fees, Net in the Total Segment measures, and the removal of amounts associated with the ownership of Blackstone consolidated operating partnerships held by non-controlling interests. (f) This adjustment removes Transaction-Related and Non-Recurring Items, which are excluded from Blackstone’s segment presentation. Transaction-Related and Non-Recurring Items arise from corporate actions including acquisitions, divestitures, Blackstone’s initial public offering and non-recurring gains, losses, or other charges, if any. They consist primarily of equity-based compensation charges, gains and losses on contingent consideration arrangements, changes in the balance of the Tax Receivable Agreement resulting from a change in tax law or similar event, transaction costs, gains or losses associated with these corporate actions and non-recurring gains, losses or other charges that affect period-to-period comparability and are not reflective of Blackstone’s operational performance. (g) Total Segment Revenues is comprised of the following: Year Ended December 31, 2025 2024 2023 Total Segment Management and Advisory Fees, Net $ 8,016,049 $ 7,133,534 $ 6,663,244 Total Segment Fee Related Performance Revenues 1,825,428 2,135,945 858,527 Total Segment Realized Performance Revenues 2,815,529 2,287,031 2,061,102 Total Segment Realized Principal Investment Income 419,743 92,526 110,932 Total Segment Revenues $ 13,076,749 $ 11,649,036 $ 9,693,805 (h) This adjustment removes Unrealized Performance Allocations Compensation. (i) This adjustment removes Equity-Based Compensation on a segment basis. (j) This adjustment adds back Interest Expense on a segment basis, excluding interest expense related to the Tax Receivable Agreement. (k) This adjustment removes the amortization of transaction-related intangibles, which are excluded from Blackstone’s segment presentation. (l) This adjustment adds an amount equal to an administrative fee collected on a quarterly basis from certain holders of Blackstone Holdings Partnership Units. The administrative fee is accounted for as a capital contribution under GAAP, but is reflected as a reduction of Other Operating Expenses in Blackstone’s segment presentation. (m) Total Segment Expenses is comprised of the following: Year Ended December 31, 2025 2024 2023 Total Segment Fee Related Compensation $ 2,690,701 $ 2,739,322 $ 2,088,110 Total Segment Realized Performance Compensation 1,090,595 951,246 896,017 Total Segment Other Operating Expenses 1,413,239 1,248,092 1,084,333 Total Segment Expenses $ 5,194,535 $ 4,938,660 $ 4,068,460 Reconciliations of Total Segment Components The following tables reconcile the components of Total Segments to their equivalent GAAP measures, reported on the Consolidated Statement of Operations for the years ended December 31, 2025, 2024 and 2023: Year Ended December 31, 2025 2024 2023 Management and Advisory Fees, Net GAAP $ 8,075,601 $ 7,188,936 $ 6,671,260 Segment Adjustment (a) (59,552 ) (55,402 ) (8,016 ) Total Segment $ 8,016,049 $ 7,133,534 $ 6,663,244 Year Ended December 31, 2025 2024 2023 GAAP Realized Performance Revenues to Total Segment Fee Related Performance Revenues GAAP Incentive Fees $ 978,202 $ 964,178 $ 695,171 Investment Income — Realized Performance Allocations 3,662,243 3,457,746 2,223,841 GAAP 4,640,445 4,421,924 2,919,012 Total Segment Less: Realized Performance Revenues (2,815,529 ) (2,287,031 ) (2,061,102 ) Segment Adjustment (b) 512 1,052 617 Total Segment $ 1,825,428 $ 2,135,945 $ 858,527 Year Ended December 31, 2025 2024 2023 GAAP Compensation to Total Segment Fee Related Compensation GAAP Compensation $ 3,671,193 $ 3,048,229 $ 2,785,447 Incentive Fee Compensation 274,902 373,586 281,067 Realized Performance Allocations Compensation 1,297,472 1,432,217 900,859 GAAP 5,243,567 4,854,032 3,967,373 Total Segment Less: Realized Performance Compensation (1,090,595 ) (951,246 ) (896,017 ) Less: Equity-Based Compensation — Fee Related Compensation (1,412,703 ) (1,143,054 ) (946,575 ) Less: Equity-Based Compensation — Performance Compensation (30,543 ) (16,068 ) (12,899 ) Segment Adjustment (c) (19,025 ) (4,342 ) (23,772 ) Total Segment $ 2,690,701 $ 2,739,322 $ 2,088,110 Year Ended December 31, 2025 2024 2023 GAAP General, Administrative and Other to Total Segment Other Operating Expenses GAAP $ 1,524,548 $ 1,361,909 $ 1,117,305 Segment Adjustment (d) (111,309 ) (113,817 ) (32,972 ) Total Segment $ 1,413,239 $ 1,248,092 $ 1,084,333 Year Ended December 31, 2025 2024 2023 Realized Performance Revenues GAAP Incentive Fees $ 978,202 $ 964,178 $ 695,171 Investment Income — Realized Performance Allocations 3,662,243 3,457,746 2,223,841 GAAP 4,640,445 4,421,924 2,919,012 Total Segment Less: Fee Related Performance Revenues (1,825,428 ) (2,135,945 ) (858,527 ) Segment Adjustment (b) 512 1,052 617 Total Segment $ 2,815,529 $ 2,287,031 $ 2,061,102 Year Ended December 31, 2025 2024 2023 Realized Performance Compensation GAAP Incentive Fee Compensation $ 274,902 $ 373,586 $ 281,067 Realized Performance Allocations Compensation 1,297,472 1,432,217 900,859 GAAP 1,572,374 1,805,803 1,181,926 Total Segment Less: Fee Related Performance Compensation (e) (451,236 ) (838,489 ) (273,010 ) Less: Equity-Based Compensation — Performance Compensation (30,543 ) (16,068 ) (12,899 ) Total Segment $ 1,090,595 $ 951,246 $ 896,017 Year Ended December 31, 2025 2024 2023 Realized Principal Investment Income GAAP $ 697,632 $ 332,258 $ 303,823 Segment Adjustment (f) (277,889 ) (239,732 ) (192,891 ) Total Segment $ 419,743 $ 92,526 $ 110,932 Segment basis presents revenues and expenses on a basis that deconsolidates the investment funds Blackstone manages and excludes the amortization of intangibles, the expense of equity-based awards and Transaction-Related and Non-Recurring Items. (a) Represents (1) the add back of net management fees earned from consolidated Blackstone Funds which have been eliminated in consolidation, and (2) the removal of amounts attributable to the reimbursement of certain expenses by the Blackstone Funds and certain NAV-based fee arrangements, which are presented on a gross basis under GAAP but as a reduction of Management and Advisory Fees, Net in the Total Segment measures. (b) Represents the add back of Performance Revenues earned from consolidated Blackstone Funds which have been eliminated in consolidation. (c) Represents the removal of Transaction-Related and Non-Recurring Items that are not recorded in the Total Segment measures. (d) Represents the (1) removal of Transaction-Related and Non-Recurring Items that are not recorded in the Total Segment measures, (2) removal of amounts attributable to certain expenses that are reimbursed by the Blackstone Funds and certain NAV-based fee arrangements, which are presented on a gross basis under GAAP but as a reduction of Management and Advisory Fees, Net in the Total Segment measures, and (3) a reduction equal to an administrative fee collected on a quarterly basis from certain holders of Blackstone Holdings Partnership Units which is accounted for as a capital contribution under GAAP, but is reflected as a reduction of Other Operating Expenses in Blackstone’s segment presentation. (e) Fee related performance compensation may include equity-based compensation based on fee related performance revenues. (f) Represents (1) the add back of Principal Investment Income, including general partner income, earned from consolidated Blackstone Funds which have been eliminated in consolidation, and (2) the removal of amounts associated with the ownership of Blackstone consolidated operating partnerships held by non-controlling interests."
FIRM-001,BX,Blackstone Inc.,PS-VD-001,EDGAR Search Results,annual_report,regulatory-filing,https://www.sec.gov/cgi-bin/browse-edgar?action=getcompany&CIK=1393818&type=10-K,5842,7,discard,False,,,0,0,0,0,0,0,0,0,0,0,
FIRM-001,BX,Blackstone Inc.,PS-VD-002,Blackstone - SEC Filings,annual_report,company-produced,https://ir.blackstone.com/sec-filings/default.aspx,149,5,discard,False,,,0,0,0,0,0,0,0,0,0,0,"02/27/2026 10-K Annual Report Documents: convpdf, pdf, xbrl, xbrl_html"
FIRM-001,BX,Blackstone Inc.,PS-VD-002,Blackstone IR SEC Filings Page,annual_report,company-produced,https://d18rn0p25nwr6d.cloudfront.net/CIK-0001393818/f11f3716-b1b0-4f08-ac45-d1070ea137ea.html,11629,0,discard,False,,,0,0,0,0,0,0,0,0,0,0,- Definition A unique 10-digit SEC-issued value to identify entities that have filed disclosures with the SEC. It is commonly abbreviated as CIK. + References Reference 1: http://www.xbrl.org/2003/role/presentationRef -Publisher SEC -Name Exchange Act -Number 240 -Section 12 -Subsection b-2 + Details Name: dei_EntityCentralIndexKey Namespace Prefix: dei_ Data Type: dei:centralIndexKeyItemType Balance Type: na Period Type: duration
FIRM-001,BX,Blackstone Inc.,PS-VD-003,Dow Jones Industrial Average - ^DJI - Stock Price & News | The Motley Fool,earnings_transcript,third-party-analyst,https://www.fool.com/quote/djindices/^dji/,2711,0,discard,False,,,0,0,0,0,0,0,0,0,0,0,"S&P 500 6,795.99 +0.8% +55.97 DJI 47,740.80 +0.5% +239.25 NASDAQ 22,695.95 +1.4% +308.27 Bitcoin $69,135.00 +3.9% +$2,594.52 AMZN $213.63 +0.2% +$0.42 GOOG $306.01 +2.7% +$7.92 META $647.43 +0.4% +$2.57 MSFT $409.67 +0.2% +$0.71 NVDA $182.64 +2.7% +$4.82 TSLA $398.82 +0.5% +$2.09 Most Active Stocks Daily Stock Gainers Daily Stock Losers"
FIRM-001,BX,Blackstone Inc.,PS-VD-001,EDGAR Filing Documents for 0001193125-25-042469,annual_report,regulatory-filing,https://www.sec.gov/Archives/edgar/data/1393818/000119312525042469/0001193125-25-042469-index.htm,1860,0,discard,False,,,0,0,0,0,0,0,0,0,0,0,16 XBRL TAXONOMY EXTENSION SCHEMA bx-20241231.xsd EX-101.SCH 133910
FIRM-001,BX,Blackstone Inc.,PS-VD-003,S&P 500 Index - ^GSPC - Stock Price & News | The Motley Fool,earnings_transcript,third-party-analyst,https://www.fool.com/quote/snpindex/^gspc/,1807,0,discard,False,,,0,0,0,0,0,0,0,0,0,0,"S&P 500 6,795.99 +0.8% +55.97 DJI 47,740.80 +0.5% +239.25 NASDAQ 22,695.95 +1.4% +308.27 Bitcoin $69,135.00 +3.9% +$2,594.52 AMZN $213.63 +0.2% +$0.42 GOOG $306.01 +2.7% +$7.92 META $647.43 +0.4% +$2.57 MSFT $409.67 +0.2% +$0.71 NVDA $182.64 +2.7% +$4.82 TSLA $398.82 +0.5% +$2.09 Most Active Stocks Daily Stock Gainers Daily Stock Losers"
FIRM-001,BX,Blackstone Inc.,PS-VD-001,EDGAR Filing Documents for 0001193125-26-082531,annual_report,regulatory-filing,https://www.sec.gov/Archives/edgar/data/1393818/000119312526082531/0001193125-26-082531-index.htm,1105,0,discard,False,,,0,0,0,0,0,0,0,0,0,0,11 XBRL TAXONOMY EXTENSION SCHEMA bx-20251231.xsd EX-101.SCH 3151244
FIRM-001,BX,Blackstone Inc.,PS-VD-003,Blackstone (BX) Q4 2025 Earnings Call Transcript | The Motley Fool,earnings_transcript,third-party-analyst,https://www.fool.com/earnings/call-transcripts/2026/01/29/blackstone-bx-q4-2025-earnings-call-transcript/,472,0,discard,False,,,0,0,0,0,0,0,0,0,0,0,"S&P 500 6,795.99 +0.8% +55.97 DJI 47,740.80 +0.5% +239.25 NASDAQ 22,695.95 +1.4% +308.27 Bitcoin $68,670.00 +3.7% +$2,445.99 AMZN $213.63 +0.2% +$0.42 GOOG $306.36 +2.8% +$8.27 META $647.43 +0.4% +$2.57 MSFT $409.67 +0.2% +$0.71 NVDA $182.64 +2.7% +$4.82 TSLA $398.82 +0.5% +$2.09 Most Active Stocks Daily Stock Gainers Daily Stock Losers"
FIRM-001,BX,Blackstone Inc.,PS-VD-061,Blackstone - Overview,earnings_supplement,company-produced,https://ir.blackstone.com/overview/default.aspx,0,0,discard,False,,,0,0,0,0,0,0,0,0,0,0,
FIRM-008,OWL,Blue Owl Capital Inc.,PS-VD-020,Blue Owl Capital Inc. (OWL) 10-K Annual Report February 2026,annual_report,regulatory-filing,https://last10k.com/sec-filings/owl/0001823945-26-000009.htm,4745,10,discard,False,,,0,0,0,0,0,0,0,0,0,0,"OWL Annual Reports 10-K Annual Report February 2026 PDF PDF Word Excel CSV Table of Contents Business Risk Factors Unresolved Staff Comments Cybersecurity Properties Legal Proceedings Mine Safety Disclosures Market for Registrants Common Equity, Related Stockholder Matters and Issuer Purchases of Equity Securities Managements Discussion and Analysis of Financial Condition and Results of Operations Quantitative and Qualitative Disclosures About Market Risk Financial Statements and Supplementary Data Changes in and Disagreements With Accountants on Accounting and Financial Disclosure Controls and Procedures Other Information Disclosure Regarding Foreign Jurisdictions that Prevent Inspections Directors, Executive Officers and Corporate Governance Executive Compensation Security Ownership of Certain Beneficial Owners and Management and Related Stockholder Matters Certain Relationships and Related Transactions, and Director Independence Principal Accountant Fees and Services Exhibit and Financial Statement Schedules Form 10K Summary Exhibit Index Signatures Index to Financial Statements 10-K Annual Report February 2025 10-K Annual Report February 2024 10-K Annual Report February 2023 10-K Annual Report February 2022"
FIRM-008,OWL,Blue Owl Capital Inc.,PS-VD-020,Blue Owl Capital Inc. (OWL) 10-K Annual Report February 2025,annual_report,regulatory-filing,https://last10k.com/sec-filings/owl/0001823945-25-000013.htm,4745,10,discard,False,,,0,0,0,0,0,0,0,0,0,0,"OWL Annual Reports 10-K Annual Report February 2026 10-K Annual Report February 2025 PDF PDF Word Excel CSV Table of Contents Business Risk Factors Unresolved Staff Comments Cybersecurity Properties Legal Proceedings Mine Safety Disclosures Market for Registrants Common Equity, Related Stockholder Matters and Issuer Purchases of Equity Securities Managements Discussion and Analysis of Financial Condition and Results of Operations Quantitative and Qualitative Disclosures About Market Risk Financial Statements and Supplementary Data Changes in and Disagreements With Accountants on Accounting and Financial Disclosure Controls and Procedures Other Information Disclosure Regarding Foreign Jurisdictions that Prevent Inspections Directors, Executive Officers and Corporate Governance Executive Compensation Security Ownership of Certain Beneficial Owners and Management and Related Stockholder Matters Certain Relationships and Related Transactions, and Director Independence Principal Accountant Fees and Services Exhibit and Financial Statement Schedules Form 10K Summary Exhibit Index Signatures Index to Financial Statements 10-K Annual Report February 2024 10-K Annual Report February 2023 10-K Annual Report February 2022"
FIRM-008,OWL,Blue Owl Capital Inc.,PS-VD-020,Blue Owl Capital Inc. (OWL) Proxy Statements Form DEF 14A April 2025,annual_report,regulatory-filing,https://last10k.com/sec-filings/owl/0001823945-25-000024.htm,2460,10,discard,False,,,0,0,0,0,0,0,0,0,0,0,OWL Annual Reports 10-K Annual Report February 2026 10-K Annual Report February 2025 10-K Annual Report February 2024 10-K Annual Report February 2023 10-K Annual Report February 2022
FIRM-008,OWL,Blue Owl Capital Inc.,PS-VD-019,Investors - Financials - Quarterly Results | Blue Owl Capital,earnings_supplement,company-produced,https://ir.blueowl.com/Investors/financials/quarterly-results/default.aspx,0,0,discard,False,,,0,0,0,0,0,0,0,0,0,0,
FIRM-002,BAM,Brookfield Asset Management Ltd.,PS-VD-040,Brookfield Corporation Annual Reports Page,annual_report,company-produced,https://bn.brookfield.com/sites/brookfield-bn-v2/files/brookfield-bn/reports-filings/quarterly-reports/2024-bn-annual-report-0.pdf,898252,159,core,True,"fre,deployment,wealth","MET-VD-005,MET-VD-004,MET-VD-006,MET-VD-007,MET-VD-008,MET-VD-013,MET-VD-014,MET-VD-009,MET-VD-015,MET-VD-021,MET-VD-022,MET-VD-017,MET-VD-011,MET-VD-012",14,19,43,40,20,123,103,82,183,9,"The margin on our fee-related earnings was 57% in the current period (2023 – 56%), benefitting from the growth in"
FIRM-002,BAM,Brookfield Asset Management Ltd.,PS-VD-016,Brookfield Asset Management Announces Record 2025 Results and 15% Dividend Increase | Brookfield Asset Management (BAM),press_release,company-produced,https://bam.brookfield.com/press-releases/brookfield-asset-management-announces-record-2025-results-and-15-dividend-increase,26080,154,core,True,"fundraising,fre,credit","MET-VD-005,MET-VD-004,MET-VD-006,MET-VD-007,MET-VD-008,MET-VD-013,MET-VD-014,MET-VD-009,MET-VD-017,MET-VD-012",2,4,26,10,0,12,9,3,7,0,"Fee-bearing capital grew to $603 billion , up 12% year-over-year, driven by record quarterly fundraising of $35 billion and $112 billion in the past twelve months. Fundraising growth was supported by a growing suite of complementary strategies and continued growth in insurance inflows. Some recent fundraising highlights include:"
FIRM-002,BAM,Brookfield Asset Management Ltd.,PS-VD-064,BAM Investor Day 2024 Presentation,investor_day,company-produced,https://bam.brookfield.com/sites/brookfield-bam-v2/files/BAM-IR-Master/Presentations/2025/Q3-25-bam-investor-presentation-vff.pdf,41024,136,core,True,"credit,aum,fre","MET-VD-005,MET-VD-004,MET-VD-006,MET-VD-007,MET-VD-008,MET-VD-013,MET-VD-014,MET-VD-009,MET-VD-017,MET-VD-011,MET-VD-012",23,12,12,7,0,21,27,5,17,10,Opportunistic Credit 37 years 15% 22% 10% 16%
FIRM-002,BAM,Brookfield Asset Management Ltd.,PS-VD-064,BAM Investor Day 2024 Presentation,investor_day,company-produced,https://bam.brookfield.com/sites/brookfield-bam-v2/files/BAM-IR-Master/Presentations/2025/Q4-25%20BAM%20Investor%20Presentation.pdf,36860,133,core,True,"credit,aum,fre","MET-VD-005,MET-VD-004,MET-VD-006,MET-VD-007,MET-VD-008,MET-VD-013,MET-VD-014,MET-VD-009,MET-VD-017,MET-VD-011,MET-VD-012",23,12,9,6,0,14,28,4,13,6,Opportunistic Credit 37 years 15% 22% 10% 16%
FIRM-002,BAM,Brookfield Asset Management Ltd.,PS-VD-041,Brookfield Corporation Q4 2025 Letter to Shareholders,shareholder_letter,company-produced,https://bn.brookfield.com/sites/brookfield-bn-v2/files/BN-IR-Master/Letter-to-Shareholders/2026/Q4-25%20BN%20Letter%20to%20Shareholders_vF.pdf,36104,114,core,True,"aum,fundraising,realizations","MET-VD-005,MET-VD-004,MET-VD-006,MET-VD-007,MET-VD-008,MET-VD-013,MET-VD-014,MET-VD-009,MET-VD-015,MET-VD-021,MET-VD-022,MET-VD-017",1,1,5,2,3,5,0,7,9,0,"Assets Under Management 6,000 49,700 227,803 601,983 1,181,483 20%"
FIRM-002,BAM,Brookfield Asset Management Ltd.,PS-VD-017,Letters to Shareholders | Brookfield Asset Management (BAM),shareholder_letter,company-produced,https://bam.brookfield.com/reports-sec-filings/letters-shareholders,694,41,core,True,credit,MET-VD-012,0,0,0,0,0,0,2,0,0,0,"Listen to an audio version of Brookfield Asset Management's Q4 2025 Letter to Shareholders to learn about the firm’s progress across renewable power & transition, infrastructure, private equity, real estate, and credit strategies."
FIRM-002,BAM,Brookfield Asset Management Ltd.,PS-VD-015,View Issuer Profile,annual_report,company-produced,https://www.sedarplus.ca/csa-party/viewInstance/view.html?id=0c11f8b7998bcd96e44287554ddec9c896da72ff07583ff0&_timestamp=16533684629762653,134,5,discard,False,,,0,0,0,0,0,0,0,0,0,0,Skip to main content Go to Dashboard 2.6.6 :: 2.6.6 :: 2026/02/19 16:50
FIRM-002,BAM,Brookfield Asset Management Ltd.,PS-VD-040,Annual Reports | Brookfield Corporation,annual_report,company-produced,https://bn.brookfield.com/reports-filings/annual-reports,111,5,discard,False,,,0,0,0,0,0,0,0,0,0,0,Annual Report 2024 Read this year's report for an update on our business and our investment overview. Read more
FIRM-002,BAM,Brookfield Asset Management Ltd.,PS-VD-064,Investor Presentations | Brookfield Asset Management (BAM),investor_day,company-produced,https://bam.brookfield.com/events-news/investor-presentations,553,4,discard,False,,,0,0,0,0,0,0,0,0,0,0,Date Title Download February 2026 BAM Investor Presentation November 2025 BAM Investor Presentation September 2025 2025 Brookfield Asset Management Investor Day September 2024 2024 Brookfield Asset Management Investor Day Presentation
FIRM-002,BAM,Brookfield Asset Management Ltd.,PS-VD-015,SEC Filings | Brookfield Asset Management (BAM),annual_report,company-produced,https://bam.brookfield.com/reports-sec-filings/sec-filings,18,3,discard,False,,,0,0,0,0,0,0,0,0,0,0,
FIRM-002,BAM,Brookfield Asset Management Ltd.,PS-VD-042,Brookfield (BN) Q4 2025 Earnings Call Transcript | The Motley Fool,earnings_transcript,third-party-analyst,https://www.fool.com/earnings/call-transcripts/2026/02/12/brookfield-bn-q4-2025-earnings-call-transcript/,472,0,discard,False,,,0,0,0,0,0,0,0,0,0,0,"S&P 500 6,795.99 +0.8% +55.97 DJI 47,740.80 +0.5% +239.25 NASDAQ 22,695.95 +1.4% +308.27 Bitcoin $69,135.00 +3.9% +$2,594.52 AMZN $213.63 +0.2% +$0.42 GOOG $306.01 +2.7% +$7.92 META $647.43 +0.4% +$2.57 MSFT $409.67 +0.2% +$0.71 NVDA $182.64 +2.7% +$4.82 TSLA $398.82 +0.5% +$2.09 Most Active Stocks Daily Stock Gainers Daily Stock Losers"
FIRM-010,EQT,EQT AB,PS-VD-028,EQT AB (publ) Year-end Report 2025,press_release,company-produced,https://eqtgroup.com/news/eqt-ab-publ-year-end-report-2025-2026-01-22,17307,128,core,True,"fundraising,margin,aum","MET-VD-005,MET-VD-004,MET-VD-006,MET-VD-007,MET-VD-008,MET-VD-009,MET-VD-013,MET-VD-015,MET-VD-021,MET-VD-022,MET-VD-017,MET-VD-011,MET-VD-012",7,1,0,14,5,13,2,0,2,4,"Gross inflows to Key funds amounted to €17bn EQT Infrastructure VI closed at €21.5bn in total commitments, including €21.3bn in fee-generating assets under management, exceeding its €20bn target and hitting hard cap BPEA Private Equity Fund IX was activated on 1 March 2025. As of 22 January 2026, it has received commitments of approximately $14bn. EQT expects to have secured commitments corresponding to the $14.5bn hard cap in the first quarter of 2026 EQT set the hard cap for EQT XI at €24bn. Fundraising is progressing well, underpinned by strong exit activity in Private Capital Europe & North America. The fund is expected to be activated mid-2026"
FIRM-010,EQT,EQT AB,PS-VD-029,EQT AB publishes Annual & Sustainability Report for 2024,annual_report,company-produced,https://eqtgroup.com/news/eqt-ab-publishes-annual-and-sustainability-report-for-2024-2025-03-13,3859,34,core,True,aum,MET-VD-005,2,0,0,0,0,0,0,0,0,0,"About EQT EQT is a purpose-driven global investment organization focused on active ownership strategies. With a Nordic heritage and a global mindset, EQT has a track record of almost three decades of developing companies across multiple geographies, sectors and strategies. EQT has investment strategies covering all phases of a business’ development, from start-up to maturity. EQT has EUR ‌​​269 billion in total assets under management (EUR ‌​​‌136 billion in fee-generating assets under management), within two business segments – Private Capital and Real Assets."
FIRM-010,EQT,EQT AB,PS-VD-030,Invitation to EQT’s Capital Markets Event in London on 22 May 2025 - Value creation through the lens of EQT’s portfolio companies,investor_presentation,company-produced,https://eqtgroup.com/news/invitation-to-eqts-capital-markets-event-in-london-on-22-may-2025-value-creation-through-the-lens-of-eqts-portfolio-companies-2025-03-17,2880,32,core,True,aum,MET-VD-005,2,0,0,0,0,0,0,0,0,0,"About EQT EQT is a purpose-driven global investment organization focused on active ownership strategies. With a Nordic heritage and a global mindset, EQT has a track record of almost three decades of developing companies across multiple geographies, sectors and strategies. EQT has investment strategies covering all phases of a business’ development, from start-up to maturity. EQT has EUR ‌​​269 billion in total assets under management (EUR ‌​​‌136 billion in fee-generating assets under management), within two business segments – Private Capital and Real Assets."
FIRM-010,EQT,EQT AB,PS-VD-029,Shareholders | EQT Group,annual_report,company-produced,https://eqtgroup.com/shareholders,4186,7,discard,False,,,0,0,0,0,0,0,0,0,0,0,"EQT AB's Year-end Report 2025 January 22, 2026 4"
FIRM-010,EQT,EQT AB,PS-VD-065,Rapporter & presentationer,investor_day,company-produced,https://eqtgroup.com/sv/aktieagare/rapporter-och-presentationer,19558,5,discard,False,,,0,0,0,0,0,0,0,0,0,0,EQT AB:s Bokslutskommuniké 2025 22 januari 2026 4
FIRM-010,EQT,EQT AB,PS-VD-065,Reports and Presentations,investor_day,company-produced,https://eqtgroup.com/shareholders/reports-and-presentations,0,0,discard,False,,,0,0,0,0,0,0,0,0,0,0,
FIRM-015,HLNE,Hamilton Lane Incorporated,PS-VD-037,Hamilton Lane Annual Report FY2025 (SEC PDF),annual_report,regulatory-filing,https://www.sec.gov/Archives/edgar/data/1433642/000143364225000066/hlne-2025annualreporttosec.pdf,526446,155,core,True,aum,"MET-VD-005,MET-VD-004,MET-VD-006,MET-VD-007,MET-VD-008,MET-VD-013,MET-VD-014,MET-VD-009,MET-VD-015,MET-VD-021,MET-VD-022,MET-VD-017,MET-VD-011,MET-VD-012",65,27,10,23,1,135,67,17,39,37,"our more recent AUM and AUA growth. As of March 31, 2025, we had AUM of approximately $138 billion,"
FIRM-015,HLNE,Hamilton Lane Incorporated,PS-VD-039,Reporting Second Quarter Fiscal 2026 Reports,press_release,company-produced,https://www.hamiltonlane.com/en-us/news/hlne-reports-q2-fiscal-2026-results,1556,0,discard,False,,,0,0,0,0,0,0,0,0,0,0,"News | 4 Min Read Hamilton Lane Incorporated Reports Second Quarter Fiscal 2026 Results Leading private markets asset management firm Hamilton Lane Incorporated (Nasdaq: HLNE) today reported its results for the second fiscal quarter ended September 30, 2025. Read the Press Release"
FIRM-015,HLNE,Hamilton Lane Incorporated,PS-VD-039,Reporting First Quarter Fiscal 2026 Reports,press_release,company-produced,https://www.hamiltonlane.com/en-us/news/hlne-reports-q1-fiscal-2026-results,1556,0,discard,False,,,0,0,0,0,0,0,0,0,0,0,"News | 4 Min Read Hamilton Lane Incorporated Reports Second Quarter Fiscal 2026 Results Leading private markets asset management firm Hamilton Lane Incorporated (Nasdaq: HLNE) today reported its results for the second fiscal quarter ended September 30, 2025. Read the Press Release"
,,Industry-wide,PS-VD-050,Private Equity Outlook 2026: Gaining Traction | Bain & Company,industry_report,industry-report,https://www.bain.com/insights/outlook-gaining-traction-global-private-equity-report-2026/,37150,73,core,True,"realizations,fundraising,wealth","MET-VD-008,MET-VD-009,MET-VD-012",0,0,0,1,0,0,3,0,3,0,"Global buyout-backed exit value jumped 47% year over year to $717 billion, led by several landmark exits, including Macquarie’s $40 billion sale of Aligned Data Centers to BlackRock and a consortium of tech giants hungry for AI data-crunching capacity (see Figure 12). Just seven exits valued at over $10 billion each added $155 billion, or 22%, to the global total, ensuring that 2025 marked the second-best year for exits ever (see Figure 13)."
,,Industry-wide,PS-VD-052,Preqin Global Reports,industry_report,industry-report,https://www.preqin.com/global-report,3895,70,core,True,"credit,fundraising","MET-VD-008,MET-VD-009,MET-VD-012",0,0,0,8,0,0,12,0,0,0,Private credit Strategic evolution for private credit in 2025 sets the stage for an anticipated fundraising recovery in 2026 Read more
,,Industry-wide,PS-VD-050,Private Equity’s Reality Check: The GP Outlook for 2026 | Bain & Company,industry_report,industry-report,https://www.bain.com/insights/private-equitys-reality-check-gp-outlook-2026/,4505,62,core,True,"wealth,realizations,margin","MET-VD-005,MET-VD-013,MET-VD-015,MET-VD-021,MET-VD-022",1,0,0,0,2,0,0,0,4,0,"StepStone (Nasdaq: STEP) is a global private markets investment firm providing customized investment solutions, advice, and data services. As of December 31, 2025, the firm oversaw around $811 billion in total capital, including $220 billion in assets under management, serving pension funds, sovereign wealth funds, insurers, endowments, foundations, family offices, and private wealth clients."
,,Industry-wide,PS-VD-054,CalPERS Private Equity Turnaround Presentation 2026,pension_document,third-party-analyst,https://www.calpers.ca.gov/documents/202601-full-private-equity-turnaround-powerpoint/download?inline=,35686,53,core,True,aum,"MET-VD-005,MET-VD-008,MET-VD-009,MET-VD-017,MET-VD-012",2,0,0,2,0,11,3,0,0,0,with at least $50 billion in total assets under management. Time-weighted returns with a one-quarter lag for PE. 2025
,,Industry-wide,PS-VD-053,Private Markets in 2030 | Preqin,industry_report,industry-report,https://www.preqin.com/future,1834,39,core,True,credit,MET-VD-012,0,0,0,0,0,0,4,0,0,0,"Discover the trends shaping private equity, venture capital, private credit, and infrastructure through 2030. Download a free summary of the Private Markets in 2030 report."
,,Industry-wide,PS-VD-056,Bain M&A Study 2025-26,industry_report,industry-report,https://allnews.ch/sites/default/files/ckfinder/userfiles/Bain%20Study%20M&A%202025-26.pdf,12252,19,core,True,,,0,0,0,0,0,0,0,0,4,0,– Deals >$5B contributed 75% of strategic deal value growth; most (~60%) by infrequent acquirers and ~40% were “transformative” in size (>50% acquirer market cap)
,,Industry-wide,PS-VD-055,Investment portfolio - CalSTRS,pension_document,third-party-analyst,https://www.calstrs.com/investment-portfolio,1050,3,discard,False,,,0,0,0,0,0,0,0,0,0,0,"Public Equity* 167,957 42.33% 39.00% 3.33% +/- 8%"
,,Industry-wide,PS-VD-050,Global Private Equity Report 2026 | Bain & Company,industry_report,industry-report,https://www.bain.com/insights/topics/global-private-equity-report/,1445,0,discard,False,,,0,0,0,0,0,0,0,0,0,0,"This year’s report asserts that “ 12 is the new 5 ,” meaning today’s deals demand faster EBITDA growth . Actually achieving this growth requires sharper value creation and a clearer, data-backed edge. The winning firms will build systems, not slogans. They will invest in talent and AI, and move from full potential diligence to execution on Day 1."
,,Industry-wide,PS-VD-053,Download your free report | Preqin Insights+,industry_report,industry-report,https://www.preqin.com/c/campaign-private-markets-in-2030-summary,1136,0,discard,False,,,0,0,0,0,0,0,0,0,0,0,Receive a free preview of the key findings from the Private Markets in 2030 Preqin Insights+ report.
,,Industry-wide,PS-VD-052,Download your free report | Preqin Insights+,industry_report,industry-report,https://www.preqin.com/c/globals-2026-free-summary-form,1104,0,discard,False,,,0,0,0,0,0,0,0,0,0,0,"Download a free summary of the 2026 Global Reports, available exclusively with a Preqin Insights+ subscription."
,,Industry-wide,PS-VD-053,Preqin Free Account | Preqin,industry_report,industry-report,https://www.preqin.com/registerinterest/free-account,562,0,discard,False,,,0,0,0,0,0,0,0,0,0,0,"Get access to free alternative assets datasets, analytics, and industry reports."
,,Industry-wide,PS-VD-052,Private credit in 2026 | Preqin,industry_report,industry-report,https://www.preqin.com/insights/global-reports/private-credit-in-2026,0,0,discard,False,,,0,0,0,0,0,0,0,0,0,0,
,,Intermediate Capital Group,PS-VD-043,ICG Annual Report FY2025,annual_report,company-produced,https://www.icgam.com/wp-content/uploads/2025/06/ICG_AR2025_Interactive_Final.pdf,709941,164,core,True,"aum,fundraising,credit","MET-VD-005,MET-VD-004,MET-VD-006,MET-VD-007,MET-VD-008,MET-VD-013,MET-VD-014,MET-VD-009,MET-VD-015,MET-VD-021,MET-VD-022,MET-VD-017,MET-VD-011,MET-VD-012",134,39,1,59,28,96,151,17,14,3,"At 31 March 2025, AUM stood at $112bn and fee-earning AUM at $75bn. The bridge between AUM and fee-"
,,Intermediate Capital Group,PS-VD-045,ICG Results Centre,earnings_supplement,company-produced,https://www.icgam.com/wp-content/uploads/2022/02/results-presentation-year-end-fy17-final.pdf,26892,119,core,True,"aum,credit","MET-VD-005,MET-VD-004,MET-VD-006,MET-VD-007,MET-VD-008,MET-VD-009,MET-VD-013,MET-VD-015,MET-VD-021,MET-VD-022,MET-VD-017,MET-VD-012",13,4,0,23,11,4,9,1,1,0," Total AUM up 10% to €23.8bn, with €4.0bn of new money raised; third party fee earning AUM up 19% to"
,,Intermediate Capital Group,PS-VD-045,ICG Results Centre,earnings_supplement,company-produced,https://www.icgam.com/wp-content/uploads/2022/02/results-presentation-h1-18-141117-final.pdf,23844,113,core,True,"aum,credit","MET-VD-005,MET-VD-004,MET-VD-006,MET-VD-007,MET-VD-008,MET-VD-009,MET-VD-013,MET-VD-015,MET-VD-021,MET-VD-022,MET-VD-017,MET-VD-012",19,6,0,23,10,4,7,2,0,0," Total AUM up 14% to €27.2bn, with €5.7bn of new money raised"
,,Intermediate Capital Group,PS-VD-044,Q3 trading statement for the period to 31 December 2025 - ICG,press_release,company-produced,https://www.icgam.com/2026/01/21/q3-trading-statement-for-the-period-to-31-december-2025/,3164,91,core,True,"fundraising,aum,deployment","MET-VD-005,MET-VD-004,MET-VD-006,MET-VD-007,MET-VD-008,MET-VD-009,MET-VD-012",1,1,0,4,0,0,1,0,0,0,"Fundraising of $4.4bn, including Europe IX ($1.6bn), Metropolitan II ($0.6bn) and LP Secondaries II ($0.3bn). LP Secondaries II expected to be activated and fee-earning in the coming quarters. Remaining fundraising largely due to Credit ($0.8bn)"
,,Intermediate Capital Group,PS-VD-044,ICG final results for the financial year ended 31 March 2025 - ICG,press_release,company-produced,https://www.icgam.com/2025/05/21/icg-final-results-for-the-financial-year-ended-31-march-2025/,3508,62,core,True,"aum,fundraising","MET-VD-008,MET-VD-009,MET-VD-012",0,0,0,4,0,0,1,0,0,0,"AUM of $112bn; fee-earning AUM of $75bn, up 8% [1] compared to FY24 and five-year annualised growth of 14% [1]"
,,Intermediate Capital Group,PS-VD-045,Results centre - ICG,earnings_supplement,company-produced,https://www.icgam.com/shareholders-and-debtholders/results-centre/,2603,40,core,True,aum,"MET-VD-005,MET-VD-008,MET-VD-009,MET-VD-012",1,0,0,1,0,0,1,0,0,0,"Q3 update: AUM of $127bn, dry powder of $36, fundraising of $4.4bn"
FIRM-004,KKR,KKR & Co. Inc.,PS-VD-005,KKR IR SEC Filings Page,annual_report,company-produced,https://ir.kkr.com/sec-filings-annual-letters/sec-filings,1251,105,core,True,"credit,fundraising,insurance","MET-VD-005,MET-VD-008,MET-VD-009,MET-VD-012",3,0,0,6,0,0,7,3,0,0,A.M. Best Rating (1) Reinsurance Recoverable and Funds Withheld Receivable at Interest Credit Enhancements (2) Net Reinsurance Credit Exposure (3) Reinsurance Recoverable and Funds Withheld Receivable at Interest Credit Enhancements (2) Net Reinsurance Credit Exposure (3)
FIRM-004,KKR,KKR & Co. Inc.,PS-VD-004,EDGAR Search Results,annual_report,regulatory-filing,https://www.sec.gov/cgi-bin/browse-edgar?action=getcompany&CIK=1404912&type=10-K,4917,7,discard,False,,,0,0,0,0,0,0,0,0,0,0,
FIRM-004,KKR,KKR & Co. Inc.,PS-VD-007,KKR & Co. Inc. 2025 Q4 - Results - Earnings Call Presentation (NYSE:KKR) 2026-02-06 | Seeking Alpha,earnings_supplement,third-party-analyst,https://seekingalpha.com/article/4867007-kkr-and-co-inc-2025-q4-results-earnings-call-presentation,582,6,discard,False,,,0,0,0,0,0,0,0,0,0,0,The following slide deck was published by KKR & Co. Inc. in conjunction with their 2025 Q4 earnings call.
FIRM-004,KKR,KKR & Co. Inc.,PS-VD-006,KKR & Co. Inc. (KKR) Q4 2025 Earnings Call Transcript | Seeking Alpha,earnings_transcript,third-party-analyst,https://seekingalpha.com/article/4866532-kkr-and-co-inc-kkr-q4-2025-earnings-call-transcript,2017,3,discard,False,,,0,0,0,0,0,0,0,0,0,0,"KKR & Co. Inc. ( KKR ) Q4 2025 Earnings Call February 5, 2026 9:00 AM EST"
FIRM-004,KKR,KKR & Co. Inc.,PS-VD-006,KKR targets $100B AUM in new solutions vertical as Arctos acquisition highlights strategic expansion (NYSE:KKR) | Seeking Alpha,earnings_transcript,third-party-analyst,https://seekingalpha.com/news/4548118-kkr-targets-100b-aum-in-new-solutions-vertical-as-arctos-acquisition-highlights-strategic,249,1,discard,False,,,0,0,0,0,0,0,0,0,0,0,Earnings Call Insights: KKR & Co. Inc. (KKR) Q4 2025
FIRM-004,KKR,KKR & Co. Inc.,PS-VD-006,"KKR & Co. Inc. (KKR) Stock Price, Quote, News & Analysis | Seeking Alpha",earnings_transcript,third-party-analyst,https://seekingalpha.com/symbol/KKR,1731,0,discard,False,,MET-VD-012,0,0,0,0,0,0,3,0,0,0,
FIRM-004,KKR,KKR & Co. Inc.,PS-VD-004,EDGAR Filing Documents for 0001404912-26-000007,annual_report,regulatory-filing,https://www.sec.gov/Archives/edgar/data/1404912/000140491226000007/0001404912-26-000007-index.htm,1417,0,discard,False,,,0,0,0,0,0,0,0,0,0,0,1 10-K kkr-20251231.htm iXBRL 10-K 20008121
FIRM-004,KKR,KKR & Co. Inc.,PS-VD-004,EDGAR Filing Documents for 0001404912-25-000015,annual_report,regulatory-filing,https://www.sec.gov/Archives/edgar/data/1404912/000140491225000015/0001404912-25-000015-index.htm,1415,0,discard,False,,,0,0,0,0,0,0,0,0,0,0,1 10-K kkr-20241231.htm iXBRL 10-K 12368147
FIRM-004,KKR,KKR & Co. Inc.,PS-VD-062,KKR Investor Day 2024 Presentation,investor_day,company-produced,https://ir.kkr.com/events-presentations,0,0,discard,False,,,0,0,0,0,0,0,0,0,0,0,
FIRM-014,PGHN,Partners Group Holding AG,PS-VD-033,Partners Group Interim Report H1 2025,annual_report,company-produced,https://www.partnersgroup.com/~/media/files/p/partnersgroup/universal/shareholders/reports-and-presentations/2025/pghn-interim-report-2025.pdf,114730,141,core,True,"margin,aum,carry","MET-VD-005,MET-VD-004,MET-VD-006,MET-VD-007,MET-VD-008,MET-VD-009,MET-VD-013,MET-VD-015,MET-VD-021,MET-VD-022,MET-VD-017,MET-VD-011,MET-VD-012",46,1,0,5,29,75,39,4,3,13,margin to 1.69% (H1 2024 : 1.52%).
FIRM-014,PGHN,Partners Group Holding AG,PS-VD-032,Partners Group IR Presentation — May 2025,investor_presentation,company-produced,https://www.partnersgroup.com/~/media/files/p/partnersgroup/universal/shareholders/reports-and-presentations/2025/20250527-ir-presentation-pghn.pdf,40181,127,core,True,"credit,aum,carry","MET-VD-005,MET-VD-008,MET-VD-009,MET-VD-013,MET-VD-015,MET-VD-021,MET-VD-022,MET-VD-017,MET-VD-011,MET-VD-012",25,0,0,5,19,13,29,0,2,6,Material y-o-y increase in EBITDA within the INFR Directs Lead portfolio during 2024 has been influenced by ( i) assets in construction in 2023 becoming operational during 2024 and (ii) inorganic growth via M&A within several platform i nvestments. 3 Global Private Credit annual loss rate for fully
FIRM-014,PGHN,Partners Group Holding AG,PS-VD-031,Partners Group Annual Results 2024 Presentation,investor_presentation,company-produced,https://www.partnersgroup.com/~/media/files/p/partnersgroup/universal/shareholders/reports-and-presentations/2025/annual-results-2024-presentation.pdf,24800,120,core,True,"margin,aum,carry","MET-VD-005,MET-VD-008,MET-VD-009,MET-VD-013,MET-VD-015,MET-VD-021,MET-VD-022,MET-VD-017,MET-VD-011,MET-VD-012",18,0,0,4,21,17,6,0,3,2,1 LT = long-term. Avg. management fee margin of financial years 2006 to 2024. Note: Past performance is not indicative of future results. Refers to Partners Group Holding AG. As of 31 December 2024. Source: Partners Group (2025).
FIRM-014,PGHN,Partners Group Holding AG,PS-VD-068,Reports & Presentations - Partners Group,press_release,company-produced,https://www.partnersgroup.com/shareholders/reports-and-presentations,3477,74,core,True,aum,MET-VD-005,13,0,0,0,0,0,0,0,0,0,"PDF, 30.2MB, opens in a new window Date Title HTML Webcast PDF Audio 14.01.2026 AuM announcement H2 2025 play icon 02.09.2025 Interim Results H1 2025 play icon 02.09.2025 2025 Interim Financial Results Report 02.09.2025 2025 Interim Financial Results Presentation 15.07.2025 AuM announcement H1 2025 play icon 23.04.2025 2024 Corporate Sustainability Report 12.03.2025 Capital Markets Day 2025 11.03.2025 Annual Results 2024 play icon 11.03.2025 2024 Annual Results Presentation 11.03.2025 2024 Annual Report 11.03.2025 Compensation Report 11.03.2025 Corporate Governance Report"
FIRM-014,PGHN,Partners Group Holding AG,PS-VD-068,PDF.js Viewer,press_release,company-produced,https://www.partnersgroup.com/pdf-viewer.aspx?gid=443092680&src=/~/media/Files/P/Partnersgroup/Universal/shareholders/reports-and-presentations/2025/pghn-annual-report-2024.pdf,0,0,discard,False,,,0,0,0,0,0,0,0,0,0,0,
FIRM-014,PGHN,Partners Group Holding AG,PS-VD-068,PDF.js Viewer,press_release,company-produced,https://www.partnersgroup.com/pdf-viewer.aspx?gid=443092680&src=/~/media/Files/P/Partnersgroup/Universal/shareholders/reports-and-presentations/2025/capital-markets-day-2025-v2.pdf,0,0,discard,False,,,0,0,0,0,0,0,0,0,0,0,
FIRM-012,STEP,StepStone Group Inc.,PS-VD-034,EX-10.1,annual_report,regulatory-filing,https://www.sec.gov/Archives/edgar/data/1796022/000119312524141712/d817513dex101.htm,531537,241,core,True,"credit,aum,insurance","MET-VD-005,MET-VD-013,MET-VD-015,MET-VD-021,MET-VD-022,MET-VD-017,MET-VD-012",8,0,0,0,15,17,371,27,4,0,"(a) Subject to the terms and conditions of this Agreement (including without limitation the provisions of Article III and this Section 2.10(a)) , the Total Multicurrency Commitments may be utilized in addition to the Multicurrency Loans provided for in Section 2.1 , upon the request of Borrower made in accordance herewith not later than five Business Days before the Maturity Date, by the issuance by an Issuing Lender selected by Borrower of standby letters of credit denominated in Dollars or in an Alternative Currency for the account of Borrower (each, a “ Letter of Credit ”), such Issuing Lender shall amend, renew or extend any Letter of Credit; provided that notwithstanding any other provision of this Agreement, the Borrower shall be permitted to deem the Existing Letters of Credit to have been issued under this Agreement promptly following the Effective Date. Each request for the issuance of a Letter of Credit, or the amendment, renewal, or extension of any outstanding Letter of Credit, shall be made in writing and delivered to the respective Issuing Lender and Agent via hand delivery or telecopy (or transmit by electronic communication, including an Approved Borrower Portal, if arrangements for doing so have been approved by the respective Issuing Lender), reasonably in advance of the requested date of issuance, amendment, renewal, or extension. Each such request shall be in form and substance satisfactory to the respective Issuing Lender in its sole and absolute discretion and shall specify (i) the Issuing Lender, (ii) the amount of such Letter of Credit, (iii) the date of issuance, amendment, renewal, or extension of such Letter of Credit, (iv) the expiration of such Letter of Credit, (v) the name and address of the beneficiary thereof, (vi) whether such Letter of Credit is to be denominated in Dollars or an Alternative Currency (and if to be denominated in an Alternative Currency, the Alternative Currency in which such Letter of Credit is to be denominated) and (vii) such other information (including, in the case of an amendment, renewal, or extension, identification of the outstanding Letter of Credit to be so amended, renewed, or extended) as shall be necessary to prepare, amend, renew, or extend such Letter of Credit. It is hereby acknowledged that an Issuing Lender shall have no obligation to issue, amend, renew or extend a Letter of Credit (A) if, after giving effect to the issuance of such requested Letter of Credit, the Letter of Credit Usage would exceed (1) $10,000,000, (2) the Maximum Revolving Amount less the amount of the Revolving Credit Facility Usage or (3) the Maximum Multicurrency Revolving Amount less the amount of the Multicurrency Revolving Credit Facility Usage, (B) at any time when one or more of the Multicurrency Lenders is a Defaulting Lender, but only until such time as either (1) the"
FIRM-012,STEP,StepStone Group Inc.,PS-VD-034,step-20250331,annual_report,regulatory-filing,https://www.sec.gov/Archives/edgar/data/1796022/000179602225000041/step-20250331.htm,62315,61,core,True,credit,"MET-VD-017,MET-VD-011,MET-VD-012",0,0,0,0,0,50,8,0,0,4,"10.13 Amended and Restated Credit Agreement, dated as of May 16, 2024, by and among StepStone Group LP, JPMorgan Chase Bank, N.A., as administrative agent and collateral agent, and certain other lenders party thereto. 8-K 10.1 5/17/2024 001-39510"
FIRM-012,STEP,StepStone Group Inc.,PS-VD-034,EX-2.1,annual_report,regulatory-filing,https://www.sec.gov/Archives/edgar/data/1796022/000119312524028333/d707393dex21.htm,123628,43,core,True,credit,"MET-VD-013,MET-VD-014,MET-VD-017,MET-VD-012",0,0,9,0,0,2,1,0,2,0,"1.3 Cash Election . For each Exchange other than the first Exchange, the Asset Class Head may deliver to SSG a notice (a “ Cash Election Notice ”) setting forth a percentage of the Reduced Baseline Value of such Exchange to be settled in cash for each Participating Seller (such percentage, the “ Cash Election Percentage ”); provided , that , for the first Exchange, the Cash Election Percentage for each Participating Seller shall be ten percent (10%) (except as otherwise designated by the Asset Class Head and notified to SSG within ten (10) days of this Agreement); provided , further , in no event shall the aggregate cash settlement amount to be paid in the first Exchange exceed ten percent (10%) of the Baseline Exchange Value of the first Exchange, and in no event shall the aggregate cash settlement amount to be paid in any subsequent Exchange exceed twenty percent (20%) of the Reduced Baseline Value of such Exchange; provided , further , that upon the request of the Asset Class Head, SSG shall consider in good faith increasing such permitted cash settlement amount if the Sellers would experience materially greater aggregate tax liability in one or more Exchanges than previously anticipated. Each Cash Election Notice shall be delivered by May 1 of the year prior to the Reference Date of such Exchange. In the event that no Cash Election Notice is properly and timely delivered for an Exchange, the Cash Election Percentage for each Participating Seller shall be deemed to be zero with respect to such Exchange. Upon receipt of a Cash Election Notice properly and timely delivered, subject to the restrictions under applicable Law, any governance documents of STEP and SSG, and any credit agreement, loan agreement, note, indenture or other financing agreements under which STEP or SSG is bound, and subject to the receipt of any applicable stockholder or regulatory approval, SSG, at its sole discretion, shall use commercially reasonable efforts to deliver, or cause to be delivered, the cash portion of the Baseline Exchange Value (or, for each Exchange other than the first Exchange, the Reduced Baseline Value); provided , that , to the extent SSG does not deliver, or cause to be delivered, all or a portion of such cash consideration, the cash portion shall be reduced and, consequently, the number of Consideration Units deliverable shall be increased."
FIRM-012,STEP,StepStone Group Inc.,PS-VD-035,StepStone outlines 37% core FRE margin target while expanding private wealth platform to $8B (NASDAQ:STEP) | Seeking Alpha,earnings_transcript,third-party-analyst,https://seekingalpha.com/news/4451902-stepstone-outlines-37-percent-core-fre-margin-target-while-expanding-private-wealth-platform,253,33,core,True,fre,"MET-VD-013,MET-VD-014,MET-VD-015,MET-VD-021,MET-VD-022",0,0,3,0,1,0,0,0,0,0,"CEO Scott Hart highlighted record quarterly and annual results, stating ""Our fee related earnings, FRE margin and adjusted net income per share were all at our highest levels ever for both our"
FIRM-012,STEP,StepStone Group Inc.,PS-VD-035,StepStone Group Inc. (STEP) Q4 2025 Earnings Call Transcript | Seeking Alpha,earnings_transcript,third-party-analyst,https://seekingalpha.com/article/4789324-stepstone-group-inc-step-q4-2025-earnings-call-transcript,2007,3,discard,False,,,0,0,0,0,0,0,0,0,0,0,"StepStone Group Inc. ( STEP ) Q4 2025 Results Conference Call May 22, 2025 5:00 PM ET"
FIRM-009,TPG,TPG Inc.,PS-VD-021,tpg-20241231,annual_report,regulatory-filing,https://www.sec.gov/Archives/edgar/data/1880661/000188066125000014/tpg-20241231.htm,85520,96,core,True,"credit,fundraising,aum","MET-VD-005,MET-VD-004,MET-VD-006,MET-VD-007,MET-VD-008,MET-VD-013,MET-VD-014,MET-VD-009,MET-VD-017,MET-VD-012",6,1,4,2,0,7,17,0,0,0,"Senior Unsecured Revolving Credit Facility (a) March 2011 September 2028 $ 1,200,000 $ — 5.43 % $ 501,000 6.45 %"
FIRM-009,TPG,TPG Inc.,PS-VD-023,Tpg Inc. (TPG) 10-K Annual Report February 2025,annual_report,regulatory-filing,https://last10k.com/sec-filings/tpg/0001880661-25-000014.htm,4642,10,discard,False,,,0,0,0,0,0,0,0,0,0,0,"TPG Annual Reports 10-K Annual Report February 2025 PDF PDF Word Excel CSV Table of Contents Business Risk Factors Unresolved Staff Comments Cybersecurity Properties Legal Proceedings Mine Safety Disclosures Market for Registrant's Common Equity, Related Stockholder Matters and Issuer Purchases of Equity Securities Management's Discussion and Analysis of Financial Condition and Results of Operations Quantitative and Qualitative Disclosures About Market Risk Financial Statements and Supplementary Data Changes in and Disagreements With Accountants on Accounting and Financial Disclosures Controls and Procedures Other Information Disclosure Regarding Foreign Jurisdictions that Prevent Inspections Directors, Executive Officers and Corporate Governance Executive Compensation Security Ownership of Certain Beneficial Owner and Management and Related Stockholder Matters Certain Relationships and Related Transactions, and Director Independence Principal Accounting Fees and Services Exhibits, Financial Statement Schedules Form 10K Summary Signatures 10-K Annual Report February 2024 10-K Annual Report February 2023 10-K Annual Report March 2022"
FIRM-009,TPG,TPG Inc.,PS-VD-023,Tpg Inc. (TPG) 10-K Annual Report February 2024,annual_report,regulatory-filing,https://last10k.com/sec-filings/tpg/0001880661-24-000013.htm,4642,10,discard,False,,,0,0,0,0,0,0,0,0,0,0,"TPG Annual Reports 10-K Annual Report February 2025 10-K Annual Report February 2024 PDF PDF Word Excel CSV Table of Contents Business Risk Factors Unresolved Staff Comments Cybersecurity Properties Legal Proceedings Mine Safety Disclosures Market for Registrant's Common Equity, Related Stockholder Matters and Issuer Purchases of Equity Securities Management's Discussion and Analysis of Financial Condition and Results of Operations Quantitative and Qualitative Disclosures About Market Risk Financial Statements and Supplementary Data Changes in and Disagreements With Accountants on Accounting and Financial Disclosures Controls and Procedures Other Information Disclosure Regarding Foreign Jurisdictions that Prevent Inspections Directors, Executive Officers and Corporate Governance Executive Compensation Security Ownership of Certain Beneficial Owner and Management and Related Stockholder Matters Certain Relationships and Related Transactions, and Director Independence Principal Accounting Fees and Services Exhibits, Financial Statement Schedules Form 10K Summary Signatures 10-K Annual Report February 2023 10-K Annual Report March 2022"
FIRM-009,TPG,TPG Inc.,PS-VD-023,Tpg Inc. (TPG) Proxy Statements Form DEF 14A April 2025,annual_report,regulatory-filing,https://last10k.com/sec-filings/tpg/0001193125-25-091415.htm,2749,10,discard,False,,,0,0,0,0,0,0,0,0,0,0,TPG Annual Reports 10-K Annual Report February 2025 10-K Annual Report February 2024 10-K Annual Report February 2023 10-K Annual Report March 2022
FIRM-009,TPG,TPG Inc.,PS-VD-022,0001104659-26-025255 | SCHEDULE 13G | TPG Inc.,annual_report,company-produced,https://shareholders.tpg.com/sec-filings/sec-filing/schedule-13g/0001104659-26-025255,440,6,discard,False,,,0,0,0,0,0,0,0,0,0,0,"Form SCHEDULE 13G Filing Date Mar 9, 2026 Document Date Mar 9, 2026 Form Description SCHEDULE 13G - Description Filing Group Other Company TPG Inc. Issuer TPG INC."
FIRM-009,TPG,TPG Inc.,PS-VD-021,Document,annual_report,regulatory-filing,https://www.sec.gov/Archives/edgar/data/1880661/000188066123000066/exhibit101.htm,8952,5,discard,False,,"MET-VD-013,MET-VD-015,MET-VD-021,MET-VD-022",0,0,0,0,4,0,0,0,0,0,
FIRM-009,TPG,TPG Inc.,PS-VD-022,SEC Filings | TPG Inc.,annual_report,company-produced,https://shareholders.tpg.com/financial-information/sec-filings,3249,0,discard,False,,,0,0,0,0,0,0,0,0,0,0,"Mar 9, 2026 SCHEDULE 13G SCHEDULE 13G - Description Other View HTML 0001104659-26-025255.pdf 0001104659-26-025255.rtf 0001104659-26-025255.xls"
FIRM-009,TPG,TPG Inc.,PS-VD-022,0001880661-26-000011 | 10-K | TPG Inc.,annual_report,company-produced,https://shareholders.tpg.com/sec-filings/sec-filing/10-k/0001880661-26-000011,1226,0,discard,False,,,0,0,0,0,0,0,0,0,0,0,"Form 10-K Filing Date Feb 17, 2026 Document Date Dec 31, 2025 Form Description Annual report which provides a comprehensive overview of the company for the past year Filing Group Annual Filings Company TPG Inc. Issuer TPG INC."
FIRM-009,TPG,TPG Inc.,PS-VD-021,Document,annual_report,regulatory-filing,https://www.sec.gov/Archives/edgar/data/1880661/000188066124000013/a20231232ex1028.htm,215,0,discard,False,,,0,0,0,0,0,0,0,0,0,0,
FIRM-006,CG,The Carlyle Group Inc.,PS-VD-025,Carlyle Group 10-K FY2025 (SEC PDF),annual_report,regulatory-filing,https://www.sec.gov/Archives/edgar/data/1527166/000152716626000009/cg2025123110k.pdf,972994,164,core,True,"aum,carry","MET-VD-005,MET-VD-004,MET-VD-006,MET-VD-007,MET-VD-008,MET-VD-013,MET-VD-014,MET-VD-009,MET-VD-015,MET-VD-021,MET-VD-022,MET-VD-017,MET-VD-011,MET-VD-012",221,94,85,94,16,459,488,72,67,20,"credit products. As of December 31, 2025, our total AUM and Fee-earning AUM included $115.4 billion and $110.9 billion,"
FIRM-006,CG,The Carlyle Group Inc.,PS-VD-027,Carlyle IR Document,investor_presentation,company-produced,https://ir.carlyle.com/static-files/22add2f9-9883-446e-8415-b8673afb5e28,105512,156,core,True,"fre,fundraising,aum","MET-VD-005,MET-VD-004,MET-VD-006,MET-VD-007,MET-VD-008,MET-VD-013,MET-VD-014,MET-VD-009,MET-VD-015,MET-VD-021,MET-VD-022,MET-VD-017,MET-VD-011,MET-VD-012",54,14,59,31,10,133,62,9,0,4,"(1) FRE Margin is calculated as Fee Related Earnings, divided by Total Segment Fee Revenues. Effective December 31, 2023, we realigned our employee compensation program, which"
FIRM-006,CG,The Carlyle Group Inc.,PS-VD-024,Carlyle Group L.P. (CG) 10-K Annual Report February 2025,annual_report,regulatory-filing,https://last10k.com/sec-filings/cg/0001527166-25-000006.htm,3728,10,discard,False,,,0,0,0,0,0,0,0,0,0,0,CG Annual Reports 10-K Annual Report February 2026 10-K Annual Report February 2025 PDF PDF Word Excel CSV Table of Contents BUSINESS RISK FACTORS UNRESOLVED STAFF COMMENTS CYBERSECURITY PROPERTIES LEGAL PROCEEDINGS MINE SAFETY DISCLOSURES MATTERS AND ISSUER PURCHASES OF EQUITY SECURITIES RESULTS OF OPERATIONS QUANTITATIVE AND QUALITATIVE DISCLOSURES ABOUT MARKET RISK FINANCIAL STATEMENTS AND SUPPLEMENTARY DATA 10-K Annual Report February 2024 10-K Annual Report February 2023 10-K Annual Report February 2022 10-K Annual Report February 2021 10-K Annual Report February 2020 10-K Annual Report February 2019 10-K Annual Report February 2018
FIRM-006,CG,The Carlyle Group Inc.,PS-VD-024,Carlyle Group L.P. (CG) 8-K Earnings Release - Feb 2026,annual_report,regulatory-filing,https://last10k.com/sec-filings/cg/0001527166-26-000002.htm,2488,10,discard,False,,,0,0,0,0,0,0,0,0,0,0,CG Annual Reports 10-K Annual Report February 2026 10-K Annual Report February 2025 10-K Annual Report February 2024 10-K Annual Report February 2023 10-K Annual Report February 2022 10-K Annual Report February 2021 10-K Annual Report February 2020 10-K Annual Report February 2019 10-K Annual Report February 2018 10-K Annual Report February 2017
FIRM-006,CG,The Carlyle Group Inc.,PS-VD-024,Carlyle Group L.P. (CG) 8-K Earnings Release - Oct 2025,annual_report,regulatory-filing,https://last10k.com/sec-filings/cg/0001527166-25-000122.htm,2484,10,discard,False,,,0,0,0,0,0,0,0,0,0,0,CG Annual Reports 10-K Annual Report February 2026 10-K Annual Report February 2025 10-K Annual Report February 2024 10-K Annual Report February 2023 10-K Annual Report February 2022 10-K Annual Report February 2021 10-K Annual Report February 2020 10-K Annual Report February 2019 10-K Annual Report February 2018 10-K Annual Report February 2017
FIRM-006,CG,The Carlyle Group Inc.,PS-VD-026,Carlyle (CG) Q4 2025 Earnings Call Transcript | The Motley Fool,earnings_transcript,third-party-analyst,https://www.fool.com/earnings/call-transcripts/2026/02/06/carlyle-cg-q4-2025-earnings-call-transcript/,472,0,discard,False,,,0,0,0,0,0,0,0,0,0,0,"S&P 500 6,795.99 +0.8% +55.97 DJI 47,740.80 +0.5% +239.25 NASDAQ 22,695.95 +1.4% +308.27 Bitcoin $68,670.00 +3.7% +$2,445.99 AMZN $213.63 +0.2% +$0.42 GOOG $306.36 +2.8% +$8.27 META $647.43 +0.4% +$2.57 MSFT $409.67 +0.2% +$0.71 NVDA $182.64 +2.7% +$4.82 TSLA $398.82 +0.5% +$2.09 Most Active Stocks Daily Stock Gainers Daily Stock Losers"
FIRM-007,VCTR,"Victory Capital Holdings, Inc.",PS-VD-057,EDGAR Search Results,annual_report,regulatory-filing,https://www.sec.gov/cgi-bin/browse-edgar?action=getcompany&CIK=0001547546&type=10-K,5423,7,discard,False,,,0,0,0,0,0,0,0,0,0,0,
FIRM-007,VCTR,"Victory Capital Holdings, Inc.",PS-VD-057,EDGAR Filing Documents for 0001628280-24-011505,annual_report,regulatory-filing,https://www.sec.gov/Archives/edgar/data/1547546/000162828024011505/0001628280-24-011505-index.htm,1482,0,discard,False,,,0,0,0,0,0,0,0,0,0,0,1 10-K hcft-20231231.htm iXBRL 10-K 2609799
FIRM-007,VCTR,"Victory Capital Holdings, Inc.",PS-VD-057,EDGAR Filing Documents for 0001628280-25-013886,annual_report,regulatory-filing,https://www.sec.gov/Archives/edgar/data/1547546/000162828025013886/0001628280-25-013886-index.htm,1475,0,discard,False,,,0,0,0,0,0,0,0,0,0,0,1 10-K hcft-20241231.htm iXBRL 10-K 2540968
